site_id,lat,lon,state,region,n_cells,operators,radio_mix,in_electrified,dist_to_grid_km,grid_line_source,dist_to_road_km,slope_deg,terrain_distance_km,pvout_kwh_kwp_day,displaced_fraction,displaced_litres,avoided_tco2e,delivered_cost_per_litre_usd,annual_savings_usd,capex_usd,payback_years,population_served,facilities_served,ookla_avg_d_kbps,ookla_tests,ookla_devices,predicted_d_kbps,residual_kbps,confidence_tier,rank_carbon_per_1k,rank_payback,rank_people_per_tonne,rank_combined,top_factors
MY-00000,4.48623,117.29569,Sabah,Sabah,5,1,"GSM,LTE",False,14.19,predicted,16.08,15.5,21.62,4.412,0.676,8783.0,23.1,2.66,23359.0,57131.0,2.45,723,0,6196.0,24,10,9222.0,-3026.0,thin,0.4043,2.45,31.3,50.9,pvout:+0.14|dist_road:+0.13|population:-0.04|slope:-0.04
MY-00001,3.83577,103.66859,Terengganu,Peninsular,1,1,"GSM,LTE",True,4.52,osm,8.59,1.9,8.95,4.068,0.658,8560.0,22.51,1.658,14193.0,48268.0,3.4,5861,1,24312.0,28,7,11652.0,12660.0,strong,0.4664,3.4,260.4,67.3,pvout:+0.12|dist_road:+0.06|population:+0.15|slope:-0.24
MY-00002,4.65629,119.08945,Sabah,Sabah,8,2,LTE,False,9.41,predicted,14.68,2.9,15.64,3.732,0.642,8341.0,21.94,2.187,18242.0,52948.0,2.9,100,0,,0,0,,,unknown,0.4143,2.9,4.6,33.2,pvout:+0.39|dist_road:+0.16|population:-0.20|slope:+0.06
MY-00003,0.94517,109.94132,Sarawak,Sarawak,3,3,GSM,False,10.74,predicted,12.49,8.9,14.96,4.232,0.667,8666.0,22.79,2.133,18488.0,52475.0,2.84,347,0,7791.0,20,8,9734.0,-1944.0,thin,0.4343,2.84,15.2,42.7,pvout:+0.26|dist_road:+0.30|population:+0.02|slope:-0.13
MY-00005,5.2695,116.76336,Sabah,Sabah,2,3,"GSM,LTE",False,15.27,predicted,19.22,10.6,23.75,3.949,0.652,8482.0,22.31,2.829,23992.0,58628.0,2.44,462,0,18561.0,38,17,9320.0,9240.0,thin,0.3805,2.44,20.7,43.4,pvout:+0.28|dist_road:+0.17|population:+0.08|slope:-0.15
MY-00006,1.63228,113.06756,Sarawak,Sarawak,8,3,"GSM,LTE",False,10.7,predicted,20.59,13.5,26.76,3.512,0.631,8198.0,21.56,3.066,25138.0,60733.0,2.42,1764,0,971.0,31,10,9494.0,-8523.0,thin,0.355,2.42,81.8,55.4,pvout:+0.17|dist_road:+0.07|population:+0.19|slope:-0.13
MY-00007,7.21009,118.79053,Sabah,Sabah,3,1,GSM,False,12.17,osm,8.02,3.3,8.61,3.59,0.635,8249.0,21.69,1.631,13453.0,48027.0,3.57,384,0,12391.0,31,11,10522.0,1869.0,strong,0.4517,3.57,17.7,39.1,pvout:+0.39|dist_road:+0.13|population:+0.04|slope:-0.14
MY-00008,1.6349,102.56749,Perak,Peninsular,7,2,LTE,False,5.5,osm,1.86,4.8,2.06,3.915,0.651,8460.0,22.25,1.113,9419.0,43445.0,4.61,1905,1,10087.0,30,14,11332.0,-1244.0,strong,0.5121,4.61,85.6,58.3,pvout:+0.29|dist_road:+0.29|population:+0.04|slope:-0.12
MY-00009,4.60601,114.33223,Sarawak,Sarawak,7,3,GSM,False,2.92,predicted,8.89,3.8,9.63,4.01,0.656,8522.0,22.41,1.712,14587.0,48743.0,3.34,2579,1,3757.0,22,8,11158.0,-7402.0,thin,0.4598,3.34,115.1,63.0,pvout:+0.31|dist_road:+0.11|population:+0.10|slope:+0.01
MY-00010,3.90375,102.91095,Pahang,Peninsular,5,3,"GSM,LTE",False,3.26,osm,3.14,2.5,3.31,3.389,0.624,8118.0,21.35,1.212,9840.0,44320.0,4.5,3158,0,7403.0,26,9,11662.0,-4259.0,strong,0.4817,4.5,147.9,55.3,pvout:+0.14|dist_road:+0.25|population:+0.17|slope:-0.21
MY-00011,5.71752,119.24647,Sabah,Sabah,1,2,"GSM,LTE",False,4.47,predicted,21.08,7.6,24.63,4.049,0.657,8547.0,22.48,2.898,24770.0,59243.0,2.39,281,0,,0,0,,,unknown,0.3794,2.39,12.5,40.0,pvout:+0.16|dist_road:+0.17|population:+0.19|slope:-0.05
MY-00012,3.15292,109.99166,Sarawak,Sarawak,3,1,"GSM,LTE",False,14.95,predicted,22.78,3.9,24.77,3.654,0.638,8290.0,21.8,2.909,24119.0,59342.0,2.46,705,0,,0,0,,,unknown,0.3674,2.46,32.3,45.7,pvout:+0.21|dist_road:+0.15|population:-0.20|slope:-0.24
MY-00013,4.79846,118.78689,Sabah,Sabah,5,3,"GSM,UMTS",False,2.51,predicted,12.6,7.1,14.59,4.284,0.669,8700.0,22.88,2.104,18305.0,52215.0,2.85,263,0,11136.0,34,7,9786.0,1350.0,thin,0.4382,2.85,11.5,40.8,pvout:+0.13|dist_road:+0.09|population:-0.14|slope:-0.04
MY-00014,6.38853,99.95236,Terengganu,Peninsular,5,2,GSM,True,3.93,predicted,9.29,2.7,9.85,3.794,0.645,8381.0,22.04,1.729,14491.0,48894.0,3.37,3042,0,20286.0,25,7,11294.0,8992.0,thin,0.4508,3.37,138.0,61.3,pvout:+0.26|dist_road:+0.06|population:+0.10|slope:-0.20
MY-00015,4.7931,104.2385,Johor,Peninsular,5,2,LTE,False,5.6,predicted,9.11,5.4,10.2,3.563,0.633,8231.0,21.65,1.756,14456.0,49137.0,3.4,3345,0,,0,0,,,unknown,0.4406,3.4,154.5,59.9,pvout:+0.18|dist_road:+0.35|population:+0.06|slope:-0.24
MY-00016,1.51516,112.57101,Sarawak,Sarawak,2,3,LTE,False,15.22,predicted,16.19,10.8,20.07,3.923,0.651,8465.0,22.26,2.538,21480.0,56051.0,2.61,153,0,1494.0,27,9,9052.0,-7558.0,thin,0.3972,2.61,6.9,35.9,pvout:+0.17|dist_road:+0.25|population:-0.09|slope:+0.09
MY-00017,3.97663,101.58393,Terengganu,Peninsular,5,2,"GSM,LTE",False,5.43,osm,2.53,2.0,2.65,3.625,0.636,8271.0,21.75,1.159,9588.0,43852.0,4.57,2380,1,7234.0,34,13,11638.0,-4403.0,strong,0.4961,4.57,109.4,57.1,pvout:+0.20|dist_road:+0.06|population:+0.07|slope:-0.01
MY-00018,4.35955,115.88005,Sabah,Sabah,1,2,GSM,False,10.54,predicted,28.18,7.7,33.01,4.281,0.669,8697.0,22.87,3.561,30970.0,65108.0,2.1,535,0,,0,0,,,unknown,0.3513,2.1,23.4,45.3,pvout:+0.21|dist_road:+0.33|population:+0.25|slope:-0.20
MY-00019,1.73144,111.09963,Sarawak,Sarawak,4,1,"GSM,LTE",False,22.69,predicted,13.45,11.9,17.02,3.9,0.65,8450.0,22.22,2.296,19399.0,53911.0,2.78,1037,0,,0,0,,,unknown,0.4122,2.78,46.7,51.1,pvout:+0.08|dist_road:+0.14|population:+0.10|slope:-0.04
MY-00020,3.60594,113.44496,Sarawak,Sarawak,1,1,"GSM,UMTS",False,23.0,osm,15.14,2.5,15.99,3.854,0.648,8420.0,22.15,2.215,18649.0,53194.0,2.85,1382,3,11477.0,30,14,10687.0,790.0,strong,0.4163,2.85,62.4,54.6,pvout:+0.15|dist_road:+0.34|population:-0.05|slope:+0.03
MY-00021,1.9756,104.13472,Kelantan,Peninsular,6,2,GSM,False,9.91,osm,3.98,2.7,4.22,4.078,0.659,8565.0,22.53,1.284,10995.0,44953.0,4.09,3221,0,13234.0,38,9,11609.0,1625.0,strong,0.5011,4.09,143.0,64.1,pvout:+0.34|dist_road:+0.08|population:-0.08|slope:-0.17
MY-00022,5.15024,118.5606,Sabah,Sabah,5,3,GSM,False,13.36,predicted,5.99,7.5,6.99,3.599,0.635,8254.0,21.71,1.503,12403.0,46891.0,3.78,444,0,,0,0,,,unknown,0.4629,3.78,20.5,39.4,pvout:+0.37|dist_road:+0.16|population:+0.22|slope:-0.08
MY-00023,6.77348,115.33181,Sabah,Sabah,7,3,GSM,False,3.96,predicted,0.78,2.4,0.82,3.513,0.631,8199.0,21.56,1.015,8323.0,42577.0,5.12,1530,0,,0,0,,,unknown,0.5064,5.12,71.0,53.2,pvout:+0.21|dist_road:+0.32|population:+0.02|slope:+0.01
MY-00024,5.30337,116.81254,Sabah,Sabah,4,2,"GSM,UMTS",False,16.03,predicted,19.7,4.3,21.6,4.023,0.656,8530.0,22.43,2.658,22671.0,57117.0,2.52,251,1,,0,0,,,unknown,0.3928,2.52,11.2,38.8,pvout:+0.20|dist_road:+0.08|population:-0.17|slope:-0.18
MY-00026,3.87175,110.28833,Sarawak,Sarawak,2,1,LTE,False,14.92,predicted,41.54,3.8,45.06,3.57,0.633,8235.0,21.66,4.514,37174.0,73544.0,1.98,24,1,,0,0,,,unknown,0.2945,1.98,1.1,33.2,pvout:+0.30|dist_road:+0.16|population:+0.03|slope:-0.21
MY-00029,3.35765,115.0349,Sarawak,Sarawak,1,1,GSM,False,12.15,predicted,18.59,2.2,19.49,3.524,0.631,8206.0,21.58,2.492,20445.0,55645.0,2.72,895,0,13602.0,24,6,10364.0,3237.0,thin,0.3878,2.72,41.5,46.8,pvout:+0.27|dist_road:+0.29|population:+0.11|slope:+0.09
MY-00030,4.80791,114.78943,Sarawak,Sarawak,6,1,LTE,False,12.72,predicted,27.76,5.5,31.13,3.714,0.641,8329.0,21.91,3.412,28417.0,63789.0,2.24,83,0,7569.0,22,9,8666.0,-1098.0,thin,0.3434,2.24,3.8,33.7,pvout:+0.06|dist_road:+0.05|population:+0.05|slope:-0.16
MY-00031,6.62652,118.77001,Sabah,Sabah,4,3,GSM,False,14.46,osm,14.58,3.0,15.55,3.629,0.636,8274.0,21.76,2.179,18032.0,52882.0,2.93,315,0,,0,0,,,unknown,0.4115,2.93,14.5,37.6,pvout:+0.29|dist_road:+0.29|population:-0.15|slope:+0.07
MY-00033,6.08854,102.40081,Johor,Peninsular,5,1,"GSM,LTE",False,6.4,osm,0.53,0.1,0.53,4.172,0.664,8627.0,22.69,0.992,8558.0,42372.0,4.95,713,0,16099.0,17,7,11459.0,4640.0,strong,0.5354,4.95,31.4,47.9,pvout:+0.06|dist_road:+0.26|population:-0.01|slope:-0.02
MY-00034,2.92566,110.67865,Sarawak,Sarawak,8,3,"GSM,LTE",False,22.37,predicted,7.9,6.4,9.03,3.774,0.644,8368.0,22.01,1.664,13922.0,48318.0,3.47,906,0,,0,0,,,unknown,0.4555,3.47,41.2,49.1,pvout:+0.08|dist_road:+0.33|population:+0.27|slope:-0.07
MY-00035,6.51976,99.82736,Pahang,Peninsular,2,1,LTE,False,20.42,predicted,1.78,3.8,1.93,4.073,0.659,8562.0,22.52,1.103,9441.0,43351.0,4.59,1144,0,7435.0,30,7,11235.0,-3800.0,thin,0.5195,4.59,50.8,54.0,pvout:+0.23|dist_road:+0.24|population:+0.09|slope:-0.06
MY-00036,6.50831,103.26861,Pahang,Peninsular,7,2,"GSM,UMTS",False,6.13,osm,0.69,2.2,0.72,3.493,0.63,8186.0,21.53,1.007,8242.0,42503.0,5.16,1933,1,12815.0,33,15,11639.0,1176.0,strong,0.5065,5.16,89.8,55.6,pvout:+0.26|dist_road:+0.31|population:+0.11|slope:-0.18
MY-00039,2.85665,113.00828,Sarawak,Sarawak,1,3,"GSM,LTE",False,14.56,osm,2.1,5.4,2.35,4.036,0.657,8538.0,22.46,1.136,9700.0,43646.0,4.5,660,0,,0,0,,,unknown,0.5145,4.5,29.4,47.9,pvout:+0.37|dist_road:+0.11|population:-0.12|slope:+0.10
MY-00040,1.77348,102.0828,Pahang,Peninsular,1,3,"GSM,UMTS",False,12.39,osm,3.39,7.8,3.98,3.871,0.649,8431.0,22.17,1.265,10662.0,44784.0,4.2,885,0,10882.0,37,8,10689.0,193.0,strong,0.4951,4.2,39.9,48.7,pvout:+0.12|dist_road:+0.08|population:+0.08|slope:+0.04
MY-00042,2.37463,113.76476,Sarawak,Sarawak,7,3,GSM,False,10.13,osm,17.57,5.4,19.67,3.924,0.651,8465.0,22.26,2.506,21213.0,55771.0,2.63,1137,0,14074.0,30,12,10223.0,3852.0,strong,0.3992,2.63,51.1,52.8,pvout:+0.07|dist_road:+0.20|population:-0.17|slope:-0.10
MY-00043,2.11653,101.93564,Kelantan,Peninsular,5,3,LTE,False,4.37,predicted,5.92,2.2,6.2,3.851,0.648,8418.0,22.14,1.441,12126.0,46342.0,3.82,719,1,17325.0,25,7,10979.0,6345.0,thin,0.4777,3.82,32.5,47.4,pvout:+0.17|dist_road:+0.09|population:+0.27|slope:-0.03
MY-00044,4.37679,117.38424,Sabah,Sabah,6,1,GSM,False,17.05,predicted,22.04,10.3,27.09,3.811,0.646,8392.0,22.07,3.093,25954.0,60964.0,2.35,503,1,5292.0,31,13,9225.0,-3933.0,thin,0.362,2.35,22.8,43.4,pvout:+0.35|dist_road:+0.32|population:+0.27|slope:+0.01
MY-00045,6.06944,116.79024,Sabah,Sabah,2,1,GSM,False,8.59,predicted,20.77,6.8,23.89,3.772,0.644,8367.0,22.0,2.84,23759.0,58725.0,2.47,409,1,,0,0,,,unknown,0.3747,2.47,18.6,40.8,pvout:+0.16|dist_road:+0.30|population:+0.06|slope:-0.15
MY-00046,2.98323,99.72627,Pahang,Peninsular,8,1,LTE,False,7.95,osm,8.42,1.2,8.65,3.97,0.653,8495.0,22.34,1.634,13880.0,48052.0,3.46,1801,0,9080.0,22,6,11278.0,-2198.0,strong,0.465,3.46,80.6,58.8,pvout:+0.19|dist_road:+0.14|population:+0.03|slope:+0.02
MY-00047,4.27507,103.47592,Terengganu,Peninsular,7,1,"GSM,LTE",False,7.35,osm,4.99,2.5,5.27,4.023,0.656,8530.0,22.43,1.367,11657.0,45687.0,3.92,728,1,,0,0,,,unknown,0.491,3.92,32.5,49.6,pvout:+0.22|dist_road:+0.13|population:-0.16|slope:+0.05
MY-00048,1.82011,112.1674,Sarawak,Sarawak,4,2,"GSM,LTE",False,18.87,predicted,16.73,14.6,22.14,3.96,0.653,8489.0,22.33,2.701,22930.0,57500.0,2.51,94,0,,0,0,,,unknown,0.3883,2.51,4.2,34.9,pvout:+0.20|dist_road:+0.18|population:+0.18|slope:+0.05
MY-00050,5.79814,103.91807,Terengganu,Peninsular,2,2,GSM,False,5.84,osm,5.42,2.2,5.69,3.6,0.635,8255.0,21.71,1.4,11557.0,45982.0,3.98,5240,1,14251.0,39,16,11759.0,2492.0,strong,0.4722,3.98,241.4,60.4,pvout:+0.23|dist_road:+0.24|population:-0.08|slope:+0.08
MY-00052,7.26093,118.53042,Sabah,Sabah,1,2,GSM,False,5.08,predicted,11.01,7.1,12.74,4.342,0.672,8737.0,22.98,1.957,17101.0,50916.0,2.98,870,0,,0,0,,,unknown,0.4513,2.98,37.9,52.4,pvout:+0.25|dist_road:+0.27|population:-0.14|slope:-0.03
MY-00053,1.08845,110.50649,Sarawak,Sarawak,2,2,LTE,False,18.18,osm,6.64,6.1,7.54,3.946,0.652,8480.0,22.3,1.546,13109.0,47275.0,3.61,1777,1,,0,0,,,unknown,0.4717,3.61,79.7,58.6,pvout:+0.18|dist_road:+0.19|population:+0.14|slope:+0.03
MY-00054,2.34407,110.20408,Sarawak,Sarawak,7,1,GSM,False,13.71,predicted,17.79,5.3,19.88,3.776,0.644,8370.0,22.01,2.522,21108.0,55913.0,2.65,1092,0,,0,0,,,unknown,0.3937,2.65,49.6,51.3,pvout:+0.17|dist_road:+0.31|population:-0.09|slope:-0.05
MY-00055,5.36727,118.10919,Sabah,Sabah,4,1,"GSM,LTE",False,14.43,osm,13.15,10.4,16.19,3.967,0.653,8494.0,22.34,2.23,18944.0,53332.0,2.82,396,0,,0,0,,,unknown,0.4189,2.82,17.7,42.3,pvout:+0.10|dist_road:+0.14|population:+0.25|slope:-0.25
MY-00056,3.81678,115.39864,Sarawak,Sarawak,6,3,"GSM,LTE",False,21.51,osm,8.03,8.7,9.58,3.559,0.633,8228.0,21.64,1.708,14051.0,48706.0,3.47,234,1,,0,0,,,unknown,0.4443,3.47,10.8,34.8,pvout:+0.37|dist_road:+0.15|population:+0.15|slope:-0.22
MY-00057,0.97559,112.24104,Sarawak,Sarawak,8,2,GSM,False,3.62,osm,8.04,1.6,8.32,4.293,0.67,8705.0,22.89,1.608,13997.0,47823.0,3.42,652,0,,0,0,,,unknown,0.4787,3.42,28.5,51.9,pvout:+0.27|dist_road:+0.32|population:+0.08|slope:-0.12
MY-00059,2.25962,100.99764,Kedah,Peninsular,4,2,LTE,True,4.11,osm,7.94,1.0,8.11,3.699,0.64,8319.0,21.88,1.591,13240.0,47677.0,3.6,2199,1,5363.0,27,7,11399.0,-6037.0,strong,0.4589,3.6,100.5,58.4,pvout:+0.33|dist_road:+0.26|population:-0.14|slope:-0.02
MY-00060,2.70063,114.66068,Sarawak,Sarawak,3,2,GSM,False,7.05,osm,14.71,4.1,16.03,3.85,0.647,8417.0,22.14,2.218,18670.0,53224.0,2.85,502,0,,0,0,,,unknown,0.4159,2.85,22.7,43.6,pvout:+0.28|dist_road:+0.28|population:-0.04|slope:-0.11
MY-00061,3.54044,112.39778,Sarawak,Sarawak,1,3,"LTE,NR",False,16.48,osm,6.23,1.8,6.49,3.742,0.642,8347.0,21.95,1.463,12213.0,46542.0,3.81,203,0,,0,0,,,unknown,0.4717,3.81,9.2,35.4,pvout:+0.39|dist_road:+0.22|population:+0.05|slope:+0.10
MY-00062,3.40266,114.94967,Sarawak,Sarawak,7,2,GSM,False,9.69,predicted,21.28,1.9,22.17,4.294,0.67,8706.0,22.9,2.704,23538.0,57522.0,2.44,918,0,400.0,21,10,10252.0,-9852.0,thin,0.398,2.44,40.1,52.4,pvout:+0.13|dist_road:+0.17|population:+0.18|slope:-0.00
MY-00063,4.08426,110.109,Sarawak,Sarawak,8,2,"GSM,LTE",False,4.05,predicted,8.96,7.7,10.49,3.839,0.647,8411.0,22.12,1.78,14967.0,49342.0,3.3,963,0,12558.0,20,8,10425.0,2133.0,thin,0.4483,3.3,43.5,50.4,pvout:+0.39|dist_road:+0.25|population:-0.04|slope:-0.11
MY-00064,4.22313,110.26131,Sarawak,Sarawak,5,3,"GSM,LTE",False,11.46,osm,1.34,7.2,1.56,3.947,0.652,8480.0,22.3,1.073,9099.0,43089.0,4.74,735,0,13928.0,24,6,10790.0,3138.0,strong,0.5176,4.74,33.0,48.1,pvout:+0.08|dist_road:+0.33|population:-0.14|slope:-0.06
MY-00065,3.81799,114.99187,Sarawak,Sarawak,4,1,"GSM,LTE",False,12.19,osm,23.19,5.7,26.15,4.072,0.659,8562.0,22.52,3.018,25842.0,60306.0,2.33,672,0,,0,0,,,unknown,0.3734,2.33,29.8,48.0,pvout:+0.19|dist_road:+0.09|population:-0.05|slope:-0.03
MY-00066,1.32147,115.09546,Sarawak,Sarawak,7,3,"GSM,LTE",False,17.54,predicted,9.17,3.8,9.94,3.678,0.639,8306.0,21.84,1.736,14416.0,48955.0,3.4,3226,2,,0,0,,,unknown,0.4462,3.4,147.7,60.5,pvout:+0.06|dist_road:+0.34|population:+0.25|slope:-0.22
MY-00067,2.71693,100.47082,Perak,Peninsular,3,2,"GSM,LTE",False,5.75,predicted,3.77,0.9,3.84,3.958,0.653,8488.0,22.32,1.254,10644.0,44691.0,4.2,1070,1,8295.0,40,13,11367.0,-3071.0,thin,0.4995,4.2,47.9,51.8,pvout:+0.35|dist_road:+0.15|population:-0.17|slope:-0.14
MY-00068,2.23362,103.41956,Kelantan,Peninsular,4,1,"GSM,LTE",False,6.23,predicted,5.12,2.0,5.36,3.982,0.654,8504.0,22.36,1.374,11680.0,45749.0,3.92,7197,4,10201.0,29,9,11910.0,-1709.0,thin,0.4888,3.92,321.8,66.3,pvout:+0.33|dist_road:+0.25|population:-0.08|slope:+0.00
MY-00069,5.83005,102.08363,Pahang,Peninsular,8,3,"GSM,LTE",True,5.24,osm,8.43,3.6,9.1,3.434,0.627,8147.0,21.43,1.67,13603.0,48371.0,3.56,959,0,9252.0,23,8,10822.0,-1571.0,strong,0.443,3.56,44.8,46.6,pvout:+0.30|dist_road:+0.27|population:+0.07|slope:+0.04
MY-00072,4.17321,117.12046,Sabah,Sabah,2,3,GSM,False,13.02,osm,18.89,13.0,24.36,3.939,0.652,8475.0,22.29,2.876,24377.0,59049.0,2.42,448,0,,0,0,,,unknown,0.3775,2.42,20.1,43.2,pvout:+0.27|dist_road:+0.09|population:+0.21|slope:-0.14
MY-00074,3.33051,103.80708,Terengganu,Peninsular,4,1,"GSM,LTE",False,14.83,osm,10.66,2.0,11.14,3.978,0.654,8501.0,22.36,1.831,15566.0,49800.0,3.2,3194,1,2203.0,20,4,11298.0,-9095.0,thin,0.4489,3.2,142.9,62.3,pvout:+0.30|dist_road:+0.25|population:-0.03|slope:-0.19
MY-00075,3.50525,100.60052,Terengganu,Peninsular,3,3,LTE,False,12.4,osm,5.0,1.5,5.17,4.301,0.67,8711.0,22.91,1.359,11834.0,45616.0,3.85,831,1,17419.0,23,8,11143.0,6275.0,strong,0.5022,3.85,36.3,54.4,pvout:+0.29|dist_road:+0.30|population:+0.22|slope:-0.03
MY-00076,5.35208,102.55251,Kelantan,Peninsular,8,3,GSM,False,7.43,predicted,1.71,0.7,1.73,3.546,0.632,8220.0,21.62,1.087,8935.0,43213.0,4.84,1374,0,10588.0,13,3,11587.0,-998.0,thin,0.5003,4.84,63.6,51.3,pvout:+0.13|dist_road:+0.14|population:+0.18|slope:-0.11
MY-00077,2.84759,111.42536,Sarawak,Sarawak,4,3,"GSM,LTE",False,13.65,predicted,17.22,2.2,18.05,3.797,0.645,8383.0,22.05,2.378,19932.0,54635.0,2.74,1868,0,,0,0,,,unknown,0.4036,2.74,84.7,57.0,pvout:+0.31|dist_road:+0.14|population:-0.20|slope:-0.04
MY-00078,3.37396,111.65996,Sarawak,Sarawak,8,2,GSM,False,10.38,predicted,31.5,7.2,36.54,4.1,0.66,8580.0,22.57,3.84,32945.0,67577.0,2.05,1514,1,8824.0,32,9,9403.0,-578.0,thin,0.3339,2.05,67.1,56.3,pvout:+0.26|dist_road:+0.24|population:-0.07|slope:+0.03
MY-00080,1.90682,112.22421,Sarawak,Sarawak,3,2,"GSM,LTE",False,9.49,osm,30.48,4.7,33.67,4.038,0.657,8540.0,22.46,3.613,30852.0,65569.0,2.13,523,0,6554.0,25,8,9279.0,-2725.0,strong,0.3425,2.13,23.3,44.5,pvout:+0.22|dist_road:+0.28|population:+0.11|slope:-0.10
MY-00081,5.41624,103.91511,Kelantan,Peninsular,4,2,"GSM,LTE",True,3.71,osm,1.94,12.3,2.47,4.726,0.691,8987.0,23.64,1.145,10294.0,43730.0,4.25,2449,2,13382.0,38,11,10751.0,2631.0,strong,0.5405,4.25,103.6,65.2,pvout:+0.29|dist_road:+0.22|population:+0.06|slope:-0.02
MY-00082,7.00447,116.14279,Sabah,Sabah,5,1,"GSM,LTE",False,12.61,osm,22.21,2.2,23.29,4.084,0.659,8570.0,22.54,2.792,23930.0,58306.0,2.44,362,1,4817.0,28,12,9820.0,-5004.0,strong,0.3866,2.44,16.1,42.0,pvout:+0.08|dist_road:+0.32|population:-0.03|slope:-0.17
MY-00083,2.47543,101.49743,Perak,Peninsular,2,2,LTE,False,6.29,predicted,2.83,0.7,2.88,4.239,0.667,8671.0,22.8,1.177,10209.0,44013.0,4.31,21116,8,11000.0,31,6,12569.0,-1569.0,thin,0.5181,4.31,926.0,69.7,pvout:+0.32|dist_road:+0.12|population:+0.30|slope:-0.10
MY-00084,6.296,100.18531,Kelantan,Peninsular,3,1,GSM,False,9.45,predicted,5.67,12.2,7.21,3.808,0.645,8390.0,22.07,1.52,12753.0,47045.0,3.69,2524,0,400.0,33,14,10570.0,-10170.0,thin,0.469,3.69,114.4,60.1,pvout:+0.15|dist_road:+0.07|population:-0.18|slope:-0.22
MY-00086,1.07446,112.01374,Sarawak,Sarawak,3,1,GSM,False,6.22,osm,8.2,4.7,9.05,3.806,0.645,8389.0,22.06,1.666,13973.0,48334.0,3.46,1979,1,,0,0,,,unknown,0.4565,3.46,89.7,58.3,pvout:+0.05|dist_road:+0.15|population:-0.04|slope:-0.10
MY-00087,1.81672,110.70226,Sarawak,Sarawak,7,1,LTE,False,21.16,predicted,7.91,3.3,8.49,4.114,0.661,8589.0,22.59,1.621,13925.0,47941.0,3.44,417,0,,0,0,,,unknown,0.4712,3.44,18.5,45.7,pvout:+0.13|dist_road:+0.07|population:-0.16|slope:-0.19
MY-00088,6.05983,102.01247,Johor,Peninsular,4,1,LTE,False,8.4,osm,7.7,3.8,8.34,4.022,0.656,8529.0,22.43,1.61,13732.0,47841.0,3.48,5472,2,13985.0,23,8,11506.0,2478.0,strong,0.4689,3.48,243.9,66.4,pvout:+0.16|dist_road:+0.09|population:-0.02|slope:+0.07
MY-00089,2.76507,114.81058,Sarawak,Sarawak,8,3,GSM,False,8.26,predicted,21.21,4.4,23.27,4.021,0.656,8529.0,22.43,2.791,23801.0,58292.0,2.45,113,0,,0,0,,,unknown,0.3848,2.45,5.0,35.5,pvout:+0.14|dist_road:+0.10|population:+0.13|slope:-0.08
MY-00091,2.59711,111.06918,Sarawak,Sarawak,7,2,"GSM,LTE",False,10.28,predicted,1.85,10.5,2.28,3.788,0.644,8377.0,22.03,1.13,9468.0,43595.0,4.6,1718,0,,0,0,,,unknown,0.5054,4.6,78.0,56.0,pvout:+0.07|dist_road:+0.29|population:+0.16|slope:+0.09
MY-00092,2.77561,104.41429,Johor,Peninsular,4,2,"LTE,NR",False,3.22,osm,4.07,0.7,4.13,3.846,0.647,8415.0,22.13,1.277,10743.0,44891.0,4.18,9606,4,7198.0,22,5,12196.0,-4999.0,strong,0.493,4.18,434.0,64.6,pvout:+0.38|dist_road:+0.23|population:+0.14|slope:-0.11
MY-00093,5.80169,102.61461,Perak,Peninsular,1,1,GSM,False,6.31,osm,2.76,1.5,2.85,4.117,0.661,8591.0,22.6,1.176,10100.0,43997.0,4.36,922,0,5219.0,28,9,11310.0,-6090.0,strong,0.5136,4.36,40.8,52.1,pvout:+0.36|dist_road:+0.22|population:-0.04|slope:-0.25
MY-00094,2.33336,101.7399,Kedah,Peninsular,6,3,"GSM,LTE",False,20.74,osm,7.61,4.8,8.43,4.152,0.663,8614.0,22.65,1.616,13924.0,47899.0,3.44,820,0,10171.0,26,11,10696.0,-526.0,strong,0.473,3.44,36.2,53.0,pvout:+0.26|dist_road:+0.21|population:+0.21|slope:-0.18
MY-00095,1.62433,113.69058,Sarawak,Sarawak,2,3,"GSM,UMTS",False,12.33,predicted,24.6,12.0,31.16,3.598,0.635,8254.0,21.71,3.414,28181.0,63812.0,2.26,1061,0,5681.0,25,11,9215.0,-3535.0,thin,0.3402,2.26,48.9,51.1,pvout:+0.34|dist_road:+0.05|population:+0.09|slope:-0.11
MY-00096,3.55055,101.47592,Kelantan,Peninsular,2,3,"GSM,LTE",False,7.64,osm,8.17,3.3,8.77,4.129,0.661,8599.0,22.61,1.644,14134.0,48140.0,3.41,1071,0,18316.0,20,6,10904.0,7412.0,strong,0.4698,3.41,47.4,55.2,pvout:+0.17|dist_road:+0.18|population:-0.09|slope:-0.19
MY-00097,3.73927,101.70457,Kelantan,Peninsular,5,2,"GSM,LTE",False,8.81,osm,2.73,4.0,2.98,3.705,0.64,8323.0,21.89,1.185,9867.0,44084.0,4.47,1527,1,13227.0,35,12,11276.0,1951.0,strong,0.4965,4.47,69.8,53.5,pvout:+0.33|dist_road:+0.12|population:+0.17|slope:-0.00
MY-00099,5.77528,115.89861,Sabah,Sabah,3,2,LTE,False,19.6,predicted,1.9,4.4,2.09,3.842,0.647,8413.0,22.13,1.115,9383.0,43463.0,4.63,349,0,9310.0,38,16,10722.0,-1412.0,thin,0.5091,4.63,15.8,40.0,pvout:+0.06|dist_road:+0.31|population:+0.19|slope:+0.03
MY-00100,5.87766,117.8355,Sabah,Sabah,5,2,GSM,False,13.82,predicted,26.79,6.6,30.71,4.37,0.673,8755.0,23.03,3.379,29584.0,63499.0,2.15,84,0,9314.0,24,11,8622.0,692.0,thin,0.3626,2.15,3.6,35.4,pvout:+0.33|dist_road:+0.22|population:+0.30|slope:-0.19
MY-00101,4.2801,109.9895,Sarawak,Sarawak,1,1,LTE,False,19.72,predicted,10.39,13.0,13.39,3.775,0.644,8368.0,22.01,2.009,16814.0,51375.0,3.06,163,0,8842.0,25,11,9195.0,-354.0,thin,0.4284,3.06,7.4,35.4,pvout:+0.08|dist_road:+0.26|population:-0.05|slope:-0.04
MY-00102,5.09328,103.5148,Kedah,Peninsular,2,1,GSM,False,7.72,osm,2.75,6.8,3.16,3.954,0.653,8485.0,22.32,1.2,10182.0,44213.0,4.34,2018,1,12543.0,25,8,11130.0,1413.0,strong,0.5047,4.34,90.4,59.3,pvout:+0.19|dist_road:+0.15|population:+0.25|slope:-0.20
MY-00103,4.71992,119.18518,Sabah,Sabah,7,1,"GSM,LTE",False,24.43,predicted,28.78,5.4,32.26,4.082,0.659,8568.0,22.53,3.501,29997.0,64579.0,2.15,93,0,,0,0,,,unknown,0.3489,2.15,4.1,34.8,pvout:+0.12|dist_road:+0.25|population:+0.19|slope:+0.04
MY-00105,4.69532,109.82476,Sarawak,Sarawak,3,1,"GSM,LTE",False,21.64,predicted,14.22,5.4,15.92,3.878,0.649,8436.0,22.19,2.209,18636.0,53144.0,2.85,149,0,,0,0,,,unknown,0.4175,2.85,6.7,35.6,pvout:+0.13|dist_road:+0.31|population:+0.10|slope:+0.04
MY-00106,5.82694,103.72104,Perak,Peninsular,5,3,GSM,False,16.4,osm,4.12,2.9,4.38,3.82,0.646,8398.0,22.09,1.297,10890.0,45069.0,4.14,10300,2,10082.0,34,15,12024.0,-1943.0,strong,0.4901,4.14,466.3,64.6,pvout:+0.07|dist_road:+0.16|population:+0.06|slope:-0.05
MY-00107,5.94779,101.06511,Kelantan,Peninsular,1,3,"GSM,LTE",False,9.57,osm,4.6,1.5,4.75,3.746,0.642,8350.0,21.96,1.326,11072.0,45328.0,4.09,17415,6,,0,0,,,unknown,0.4845,4.09,793.0,64.4,pvout:+0.08|dist_road:+0.21|population:+0.13|slope:-0.12
MY-00108,3.16448,101.15822,Johor,Peninsular,8,1,GSM,False,2.94,predicted,5.68,1.7,5.89,3.768,0.643,8364.0,22.0,1.416,11843.0,46124.0,3.89,693,0,9139.0,37,8,11024.0,-1884.0,thin,0.4769,3.89,31.5,46.1,pvout:+0.23|dist_road:+0.14|population:+0.24|slope:-0.04
MY-00109,5.69524,116.22365,Sabah,Sabah,5,2,"GSM,UMTS",False,5.45,predicted,28.4,13.6,36.97,4.234,0.667,8667.0,22.79,3.874,33574.0,67879.0,2.02,778,0,,0,0,,,unknown,0.3358,2.02,34.1,49.0,pvout:+0.24|dist_road:+0.33|population:+0.13|slope:-0.15
MY-00110,1.72553,113.39164,Sarawak,Sarawak,3,1,LTE,False,14.12,predicted,17.8,8.3,21.07,3.72,0.641,8333.0,21.92,2.616,21801.0,56747.0,2.6,230,1,,0,0,,,unknown,0.3862,2.6,10.5,36.5,pvout:+0.27|dist_road:+0.34|population:-0.19|slope:-0.03
MY-00111,4.16042,103.8968,Terengganu,Peninsular,8,3,"GSM,LTE",False,11.06,osm,7.18,2.3,7.55,4.07,0.658,8560.0,22.51,1.547,13245.0,47286.0,3.57,1466,1,18223.0,26,5,11165.0,7057.0,strong,0.4761,3.57,65.1,58.6,pvout:+0.10|dist_road:+0.29|population:+0.12|slope:+0.08
MY-00112,2.69171,99.81506,Pahang,Peninsular,5,2,"GSM,LTE",False,5.55,predicted,8.51,1.2,8.73,3.994,0.655,8511.0,22.38,1.64,13961.0,48109.0,3.45,12130,3,17991.0,34,12,12001.0,5990.0,thin,0.4653,3.45,541.9,67.7,pvout:+0.28|dist_road:+0.06|population:+0.06|slope:+0.07
MY-00113,4.71125,111.56629,Sarawak,Sarawak,6,1,"GSM,LTE",False,15.09,predicted,3.47,3.4,3.73,3.481,0.629,8178.0,21.51,1.245,10183.0,44613.0,4.38,377,0,16228.0,27,11,10762.0,5467.0,thin,0.4821,4.38,17.5,35.7,pvout:+0.13|dist_road:+0.07|population:+0.16|slope:-0.07
MY-00116,0.97323,113.40166,Sarawak,Sarawak,1,3,"GSM,UMTS",False,15.84,osm,8.64,3.2,9.26,4.088,0.659,8572.0,22.55,1.682,14423.0,48483.0,3.36,1893,0,,0,0,,,unknown,0.465,3.36,84.0,61.0,pvout:+0.07|dist_road:+0.13|population:-0.04|slope:-0.02
MY-00117,4.69235,110.14532,Sarawak,Sarawak,5,2,LTE,False,23.25,predicted,5.15,7.2,5.97,3.748,0.642,8351.0,21.96,1.422,11878.0,46181.0,3.89,23,0,10697.0,29,5,9280.0,1416.0,thin,0.4756,3.89,1.0,31.9,pvout:+0.22|dist_road:+0.20|population:+0.20|slope:-0.15
MY-00118,2.23852,101.92564,Kedah,Peninsular,7,3,LTE,False,10.91,predicted,1.95,4.8,2.15,3.903,0.65,8452.0,22.23,1.12,9468.0,43507.0,4.6,1283,0,14064.0,31,14,11181.0,2883.0,thin,0.5109,4.6,57.7,54.1,pvout:+0.29|dist_road:+0.16|population:+0.01|slope:-0.06
MY-00121,4.02838,114.68235,Sarawak,Sarawak,1,2,"GSM,LTE",False,5.08,predicted,15.66,2.8,16.64,4.178,0.664,8631.0,22.7,2.266,19556.0,53647.0,2.74,1427,0,6531.0,27,5,10646.0,-4115.0,thin,0.4231,2.74,62.9,56.8,pvout:+0.29|dist_road:+0.33|population:-0.07|slope:-0.21
MY-00122,6.2881,103.01261,Pahang,Peninsular,6,1,"GSM,LTE",False,8.15,osm,10.85,1.0,11.1,3.658,0.638,8293.0,21.81,1.828,15156.0,49768.0,3.28,6647,2,1286.0,20,4,11657.0,-10371.0,thin,0.4382,3.28,304.8,63.1,pvout:+0.20|dist_road:+0.21|population:-0.09|slope:+0.06
MY-00123,6.01754,100.48428,Johor,Peninsular,6,2,GSM,True,3.31,predicted,1.19,6.4,1.36,3.718,0.641,8332.0,21.91,1.058,8812.0,42953.0,4.87,486,0,,0,0,,,unknown,0.5101,4.87,22.2,42.5,pvout:+0.33|dist_road:+0.20|population:+0.03|slope:-0.24
MY-00124,5.44227,102.90799,Johor,Peninsular,5,3,GSM,False,5.75,osm,4.92,3.5,5.3,4.036,0.657,8539.0,22.46,1.369,11691.0,45710.0,3.91,16211,3,400.0,30,12,12098.0,-11698.0,strong,0.4913,3.91,721.9,68.6,pvout:+0.24|dist_road:+0.23|population:+0.25|slope:-0.07
MY-00126,4.09184,101.50832,Kedah,Peninsular,5,2,LTE,False,8.44,osm,2.79,4.4,3.06,3.17,0.613,7975.0,20.98,1.192,9508.0,44144.0,4.64,7249,2,25135.0,33,11,11831.0,13304.0,strong,0.4752,4.64,345.6,56.1,pvout:+0.11|dist_road:+0.10|population:-0.12|slope:+0.08
MY-00127,3.95116,102.66983,Pahang,Peninsular,6,1,"GSM,LTE",False,7.21,predicted,5.08,5.7,5.73,4.505,0.68,8843.0,23.26,1.403,12406.0,46009.0,3.71,2321,1,9178.0,30,9,11154.0,-1976.0,thin,0.5055,3.71,99.8,68.3,pvout:+0.33|dist_road:+0.30|population:+0.22|slope:-0.22
MY-00129,4.6142,111.45693,Sarawak,Sarawak,2,3,"GSM,LTE",False,9.79,predicted,26.69,6.9,30.75,4.109,0.66,8586.0,22.58,3.382,29039.0,63527.0,2.19,399,0,,0,0,,,unknown,0.3555,2.19,17.7,42.2,pvout:+0.30|dist_road:+0.26|population:-0.09|slope:-0.08
MY-00130,4.19015,101.91629,Terengganu,Peninsular,1,3,LTE,False,10.65,osm,2.96,3.5,3.18,3.857,0.648,8422.0,22.15,1.202,10121.0,44228.0,4.37,1932,1,,0,0,,,unknown,0.5008,4.37,87.2,57.6,pvout:+0.28|dist_road:+0.32|population:-0.14|slope:+0.06
MY-00131,6.32225,118.72831,Sabah,Sabah,8,1,LTE,False,8.67,osm,32.28,14.5,42.72,3.343,0.622,8088.0,21.27,4.328,35008.0,71902.0,2.05,741,0,12923.0,29,13,8427.0,4495.0,strong,0.2958,2.05,34.8,48.0,pvout:+0.37|dist_road:+0.33|population:-0.20|slope:-0.17
MY-00132,4.87991,111.7364,Sarawak,Sarawak,4,3,GSM,False,11.05,predicted,13.71,4.4,15.04,4.102,0.66,8582.0,22.57,2.14,18362.0,52530.0,2.86,239,0,5309.0,38,13,9934.0,-4626.0,thin,0.4297,2.86,10.6,39.2,pvout:+0.29|dist_road:+0.15|population:-0.17|slope:+0.02
MY-00133,3.65973,102.2068,Terengganu,Peninsular,3,1,"GSM,UMTS",False,4.18,osm,8.08,1.4,8.33,3.73,0.642,8340.0,21.93,1.609,13416.0,47830.0,3.57,1581,1,,0,0,,,unknown,0.4586,3.57,72.1,55.4,pvout:+0.06|dist_road:+0.18|population:+0.27|slope:-0.10
MY-00134,3.15633,112.7156,Sarawak,Sarawak,3,1,"GSM,UMTS",False,13.65,predicted,13.52,7.4,15.75,4.063,0.658,8556.0,22.5,2.195,18783.0,53022.0,2.82,278,2,3765.0,30,13,9730.0,-5965.0,thin,0.4244,2.82,12.4,40.3,pvout:+0.37|dist_road:+0.17|population:-0.03|slope:-0.21
MY-00135,2.08513,100.72877,Kelantan,Peninsular,1,3,"GSM,LTE",False,4.71,predicted,4.91,4.6,5.41,3.834,0.647,8407.0,22.11,1.378,11586.0,45788.0,3.95,592,0,24255.0,40,9,10740.0,13515.0,thin,0.4829,3.95,26.8,45.0,pvout:+0.18|dist_road:+0.15|population:+0.22|slope:+0.07
MY-00136,7.23169,116.12823,Sabah,Sabah,8,1,GSM,False,9.15,osm,8.74,6.5,10.0,3.971,0.654,8496.0,22.35,1.741,14789.0,48998.0,3.31,265,0,12679.0,31,10,10060.0,2619.0,strong,0.4561,3.31,11.9,39.9,pvout:+0.06|dist_road:+0.08|population:+0.12|slope:-0.08
MY-00137,1.22044,111.32184,Sarawak,Sarawak,1,1,GSM,False,13.0,predicted,15.07,15.2,20.16,3.668,0.638,8299.0,21.83,2.545,21118.0,56115.0,2.66,190,1,,0,0,,,unknown,0.389,2.66,8.7,35.1,pvout:+0.15|dist_road:+0.13|population:-0.09|slope:-0.07
MY-00138,6.81911,117.26303,Sabah,Sabah,2,1,LTE,False,18.01,predicted,16.86,4.4,18.5,4.159,0.663,8619.0,22.67,2.413,20797.0,54950.0,2.64,395,0,,0,0,,,unknown,0.4125,2.64,17.4,43.7,pvout:+0.06|dist_road:+0.27|population:-0.05|slope:-0.10
MY-00140,4.38414,109.95166,Sarawak,Sarawak,3,2,GSM,False,13.22,predicted,12.87,1.6,13.32,4.574,0.684,8888.0,23.38,2.003,17806.0,51323.0,2.88,679,1,,0,0,,,unknown,0.4554,2.88,29.0,51.7,pvout:+0.23|dist_road:+0.11|population:+0.24|slope:-0.01
MY-00141,3.4167,111.73949,Sarawak,Sarawak,1,3,"GSM,UMTS",False,9.7,predicted,8.51,2.6,9.0,4.571,0.684,8886.0,23.37,1.662,14767.0,48300.0,3.27,4334,0,,0,0,,,unknown,0.4839,3.27,185.4,71.5,pvout:+0.35|dist_road:+0.19|population:+0.02|slope:-0.17
MY-00142,4.94247,119.26258,Sabah,Sabah,3,3,GSM,False,6.47,osm,34.7,3.3,37.23,4.39,0.674,8768.0,23.06,3.894,34147.0,68061.0,1.99,65,0,,0,0,,,unknown,0.3388,1.99,2.8,34.7,pvout:+0.24|dist_road:+0.23|population:+0.01|slope:-0.20
MY-00143,3.42042,111.07639,Sarawak,Sarawak,7,3,"GSM,UMTS",False,14.66,osm,13.19,5.0,14.65,4.283,0.669,8699.0,22.88,2.108,18339.0,52252.0,2.85,962,0,,0,0,,,unknown,0.4378,2.85,42.0,52.8,pvout:+0.15|dist_road:+0.05|population:-0.04|slope:-0.05
MY-00144,2.61074,111.83834,Sarawak,Sarawak,3,2,"GSM,UMTS",False,7.11,predicted,27.91,1.8,29.03,3.875,0.649,8434.0,22.18,3.246,27375.0,62322.0,2.28,605,1,,0,0,,,unknown,0.3559,2.28,27.3,45.6,pvout:+0.38|dist_road:+0.10|population:-0.17|slope:-0.15
MY-00145,6.3517,100.60468,Johor,Peninsular,7,1,GSM,False,5.7,predicted,4.41,4.3,4.84,4.25,0.667,8677.0,22.82,1.333,11563.0,45386.0,3.92,4517,0,5503.0,26,7,11566.0,-6063.0,thin,0.5028,3.92,197.9,68.2,pvout:+0.10|dist_road:+0.26|population:-0.20|slope:+0.09
MY-00146,3.90656,101.35188,Pahang,Peninsular,3,3,GSM,True,3.2,osm,5.78,1.5,5.97,3.871,0.649,8431.0,22.17,1.422,11993.0,46181.0,3.85,4090,1,16530.0,16,5,11706.0,4824.0,strong,0.4802,3.85,184.4,62.7,pvout:+0.35|dist_road:+0.20|population:+0.26|slope:-0.03
MY-00147,3.24455,110.74237,Sarawak,Sarawak,1,2,LTE,False,8.87,predicted,2.11,21.8,3.13,3.434,0.627,8147.0,21.43,1.198,9757.0,44191.0,4.53,510,0,,0,0,,,unknown,0.4849,4.53,23.8,38.4,pvout:+0.40|dist_road:+0.13|population:+0.30|slope:-0.19
MY-00151,7.19719,117.48159,Sabah,Sabah,8,2,GSM,False,13.68,predicted,16.0,2.4,16.85,3.532,0.632,8211.0,21.6,2.283,18744.0,53797.0,2.87,91,1,12911.0,22,8,9622.0,3289.0,thin,0.4014,2.87,4.2,31.3,pvout:+0.17|dist_road:+0.33|population:-0.01|slope:-0.18
MY-00152,4.28297,101.64397,Kelantan,Peninsular,7,2,LTE,False,4.62,osm,9.15,2.5,9.66,3.724,0.641,8336.0,21.92,1.714,14285.0,48760.0,3.41,4345,0,,0,0,,,unknown,0.4496,3.41,198.2,62.1,pvout:+0.07|dist_road:+0.09|population:-0.02|slope:-0.10
MY-00153,1.52968,111.119,Sarawak,Sarawak,1,3,LTE,False,16.95,osm,19.77,4.9,21.93,3.354,0.623,8095.0,21.29,2.684,21730.0,57351.0,2.64,588,0,12888.0,21,5,9893.0,2995.0,strong,0.3712,2.64,27.6,42.1,pvout:+0.24|dist_road:+0.29|population:-0.19|slope:+0.04
MY-00155,3.93306,113.23632,Sarawak,Sarawak,6,3,"GSM,LTE",False,24.27,predicted,13.47,7.6,15.74,3.419,0.626,8137.0,21.4,2.195,17863.0,53021.0,2.97,476,1,,0,0,,,unknown,0.4036,2.97,22.2,39.8,pvout:+0.25|dist_road:+0.28|population:+0.18|slope:+0.07
MY-00157,1.20757,111.85129,Sarawak,Sarawak,8,1,GSM,False,4.87,predicted,9.63,10.4,11.85,3.647,0.637,8285.0,21.79,1.887,15638.0,50297.0,3.22,2202,0,14351.0,29,6,10461.0,3890.0,thin,0.4332,3.22,101.1,58.1,pvout:+0.08|dist_road:+0.22|population:+0.25|slope:+0.00
MY-00158,3.8921,111.60322,Sarawak,Sarawak,2,3,"GSM,LTE",False,4.04,predicted,7.1,8.7,8.47,3.472,0.629,8172.0,21.49,1.62,13237.0,47928.0,3.62,15267,5,10630.0,24,9,11490.0,-860.0,thin,0.4484,3.62,710.4,61.8,pvout:+0.08|dist_road:+0.23|population:+0.20|slope:-0.15
MY-00160,1.55628,100.08753,Kedah,Peninsular,7,3,"GSM,LTE",False,13.73,osm,11.99,1.6,12.43,3.8,0.645,8385.0,22.05,1.933,16207.0,50699.0,3.13,1135,0,19183.0,24,9,10867.0,8316.0,strong,0.435,3.13,51.5,52.0,pvout:+0.27|dist_road:+0.30|population:+0.06|slope:-0.18
MY-00161,7.18601,117.30039,Sabah,Sabah,5,3,"GSM,LTE",False,20.6,osm,21.38,6.5,24.46,4.151,0.663,8613.0,22.65,2.885,24847.0,59124.0,2.38,1129,0,,0,0,,,unknown,0.3831,2.38,49.8,54.3,pvout:+0.24|dist_road:+0.23|population:+0.00|slope:-0.01
MY-00162,2.01856,102.82801,Kelantan,Peninsular,7,2,GSM,False,7.21,osm,4.0,1.4,4.12,3.52,0.631,8203.0,21.57,1.276,10466.0,44884.0,4.29,3917,0,9766.0,36,16,11800.0,-2034.0,strong,0.4806,4.29,181.6,57.2,pvout:+0.20|dist_road:+0.31|population:+0.20|slope:+0.03
MY-00163,6.16761,103.88276,Johor,Peninsular,8,2,"GSM,LTE",False,3.27,predicted,8.75,2.6,9.26,3.673,0.639,8302.0,21.84,1.682,13967.0,48481.0,3.47,792,2,7423.0,26,9,10819.0,-3396.0,thin,0.4504,3.47,36.3,46.7,pvout:+0.23|dist_road:+0.11|population:+0.16|slope:-0.23
MY-00164,2.83712,114.07679,Sarawak,Sarawak,6,3,LTE,False,23.68,predicted,20.19,4.8,22.32,3.184,0.614,7984.0,21.0,2.715,21681.0,57626.0,2.66,170,0,14745.0,33,12,9415.0,5329.0,thin,0.3644,2.66,8.1,31.0,pvout:+0.23|dist_road:+0.07|population:+0.06|slope:-0.01
MY-00166,5.81021,118.51053,Sabah,Sabah,4,2,"GSM,LTE",False,9.12,osm,0.3,1.8,0.31,4.439,0.677,8801.0,23.15,0.975,8578.0,42219.0,4.92,1349,0,10707.0,20,5,11558.0,-850.0,strong,0.5482,4.92,58.3,55.4,pvout:+0.20|dist_road:+0.18|population:-0.14|slope:-0.14
MY-00167,6.18388,116.65665,Sabah,Sabah,3,1,LTE,False,21.06,predicted,11.61,0.2,11.66,4.525,0.681,8856.0,23.29,1.872,16582.0,50164.0,3.03,120,0,,0,0,,,unknown,0.4643,3.03,5.2,40.8,pvout:+0.21|dist_road:+0.31|population:+0.25|slope:+0.08
MY-00168,4.56227,101.75933,Terengganu,Peninsular,7,2,GSM,False,7.61,osm,3.61,2.1,3.78,3.928,0.651,8468.0,22.27,1.249,10574.0,44644.0,4.22,971,0,12987.0,37,10,11231.0,1757.0,strong,0.4989,4.22,43.6,50.4,pvout:+0.09|dist_road:+0.14|population:+0.03|slope:-0.03
MY-00169,5.57284,116.8824,Sabah,Sabah,2,1,"GSM,LTE",False,26.41,predicted,3.76,12.1,4.77,3.653,0.638,8289.0,21.8,1.327,11003.0,45340.0,4.12,1067,1,,0,0,,,unknown,0.4808,4.12,48.9,48.5,pvout:+0.30|dist_road:+0.29|population:+0.05|slope:-0.06
MY-00170,3.81807,101.76917,Kelantan,Peninsular,4,1,"GSM,UMTS",True,4.74,osm,8.18,3.0,8.73,3.81,0.646,8392.0,22.07,1.64,13765.0,48109.0,3.5,2083,0,17443.0,36,10,11183.0,6259.0,strong,0.4588,3.5,94.4,59.1,pvout:+0.39|dist_road:+0.12|population:+0.20|slope:-0.00
MY-00171,2.9903,111.79743,Sarawak,Sarawak,5,3,GSM,False,8.22,predicted,11.57,11.5,14.51,4.162,0.663,8620.0,22.67,2.098,18085.0,52160.0,2.88,2480,0,,0,0,,,unknown,0.4347,2.88,109.4,62.2,pvout:+0.10|dist_road:+0.33|population:+0.23|slope:+0.02
MY-00175,2.37364,104.46901,Terengganu,Peninsular,3,1,GSM,False,11.01,osm,3.74,1.5,3.86,3.729,0.641,8339.0,21.93,1.255,10467.0,44701.0,4.27,262,0,14370.0,33,6,10780.0,3590.0,strong,0.4906,4.27,11.9,35.7,pvout:+0.09|dist_road:+0.09|population:+0.14|slope:-0.21
MY-00176,6.54074,104.3018,Perak,Peninsular,8,3,"LTE,NR",False,7.19,osm,5.36,4.2,5.86,3.742,0.642,8347.0,21.95,1.413,11798.0,46101.0,3.91,1883,0,16414.0,24,8,11191.0,5223.0,strong,0.4762,3.91,85.8,56.7,pvout:+0.09|dist_road:+0.17|population:-0.20|slope:+0.00
MY-00177,4.40612,118.23734,Sabah,Sabah,2,3,LTE,False,11.14,predicted,22.89,8.4,27.18,3.988,0.654,8507.0,22.37,3.099,26368.0,61025.0,2.31,193,0,14282.0,32,9,8983.0,5299.0,thin,0.3666,2.31,8.6,37.3,pvout:+0.24|dist_road:+0.07|population:+0.07|slope:-0.23
MY-00178,4.32896,118.41731,Sabah,Sabah,4,1,GSM,False,4.04,predicted,8.9,7.8,10.44,3.607,0.635,8260.0,21.72,1.776,14668.0,49310.0,3.36,578,0,,0,0,,,unknown,0.4405,3.36,26.6,43.4,pvout:+0.07|dist_road:+0.20|population:+0.05|slope:-0.13
MY-00179,2.18008,113.00761,Sarawak,Sarawak,7,2,"GSM,LTE",False,12.59,osm,8.32,8.5,9.9,4.036,0.657,8538.0,22.46,1.733,14795.0,48929.0,3.31,559,0,,0,0,,,unknown,0.4589,3.31,24.9,47.4,pvout:+0.27|dist_road:+0.17|population:+0.09|slope:-0.13
MY-00180,4.79129,115.76032,Sabah,Sabah,4,3,GSM,False,18.09,predicted,23.51,2.9,25.03,3.759,0.643,8358.0,21.98,2.929,24482.0,59518.0,2.43,494,0,,0,0,,,unknown,0.3693,2.43,22.5,43.0,pvout:+0.30|dist_road:+0.22|population:-0.12|slope:-0.01
MY-00181,6.84458,116.81317,Sabah,Sabah,6,1,"GSM,LTE",False,14.02,predicted,17.41,4.3,19.06,3.938,0.652,8475.0,22.29,2.457,20823.0,55339.0,2.66,259,0,6966.0,24,8,9772.0,-2806.0,thin,0.4028,2.66,11.6,38.4,pvout:+0.32|dist_road:+0.07|population:+0.10|slope:+0.03
MY-00182,4.87478,115.20398,Sarawak,Sarawak,6,1,"GSM,LTE",False,12.17,predicted,4.4,0.3,4.43,4.315,0.671,8720.0,22.93,1.301,11340.0,45102.0,3.98,927,0,,0,0,,,unknown,0.5085,3.98,40.4,55.2,pvout:+0.09|dist_road:+0.32|population:+0.01|slope:+0.01
MY-00184,4.49583,118.86091,Sabah,Sabah,6,3,"GSM,LTE",False,17.07,osm,27.51,8.5,32.7,4.176,0.664,8629.0,22.7,3.536,30516.0,64891.0,2.13,1814,0,,0,0,,,unknown,0.3497,2.13,79.9,58.0,pvout:+0.36|dist_road:+0.35|population:+0.09|slope:-0.00
MY-00185,3.90581,112.62748,Sarawak,Sarawak,2,1,LTE,False,10.92,predicted,17.62,3.3,18.9,3.362,0.623,8101.0,21.3,2.445,19807.0,55233.0,2.79,502,0,400.0,30,10,10099.0,-9699.0,thin,0.3857,2.79,23.6,39.9,pvout:+0.14|dist_road:+0.14|population:+0.23|slope:-0.11
MY-00186,5.2564,103.08783,Perak,Peninsular,6,3,"GSM,UMTS",False,5.68,predicted,2.71,1.4,2.8,3.759,0.643,8358.0,21.98,1.171,9790.0,43959.0,4.49,761,0,18395.0,19,4,11246.0,7149.0,thin,0.5001,4.49,34.6,46.3,pvout:+0.34|dist_road:+0.07|population:-0.09|slope:-0.19
MY-00187,3.83755,101.14847,Kelantan,Peninsular,2,3,GSM,False,20.99,predicted,4.49,6.1,5.1,3.908,0.65,8455.0,22.24,1.353,11441.0,45568.0,3.98,369,0,5116.0,29,12,10452.0,-5335.0,thin,0.488,3.98,16.6,41.2,pvout:+0.23|dist_road:+0.07|population:-0.03|slope:+0.10
MY-00190,4.77078,115.2111,Sabah,Sabah,7,2,"GSM,LTE",False,10.94,predicted,1.78,2.3,1.87,3.871,0.649,8431.0,22.17,1.098,9255.0,43307.0,4.68,156,1,,0,0,,,unknown,0.512,4.68,7.0,35.6,pvout:+0.33|dist_road:+0.28|population:-0.13|slope:-0.12
MY-00192,3.17521,104.1922,Pahang,Peninsular,1,1,GSM,False,10.25,osm,5.82,5.7,6.55,3.664,0.638,8297.0,21.82,1.468,12182.0,46587.0,3.82,337,0,4475.0,30,13,10382.0,-5907.0,strong,0.4684,3.82,15.4,37.7,pvout:+0.29|dist_road:+0.06|population:+0.02|slope:+0.08
MY-00193,5.86529,116.42491,Sabah,Sabah,1,1,GSM,False,14.31,predicted,13.1,4.8,14.49,3.836,0.647,8408.0,22.11,2.096,17626.0,52145.0,2.96,2470,2,,0,0,,,unknown,0.4241,2.96,111.7,60.0,pvout:+0.08|dist_road:+0.32|population:-0.10|slope:-0.18
MY-00194,1.66055,103.71988,Pahang,Peninsular,2,2,GSM,False,4.07,osm,6.72,5.7,7.57,4.0,0.655,8515.0,22.39,1.548,13184.0,47297.0,3.59,2344,1,7422.0,24,8,11066.0,-3644.0,strong,0.4735,3.59,104.7,62.6,pvout:+0.12|dist_road:+0.33|population:+0.10|slope:+0.01
MY-00195,3.1805,100.26402,Perak,Peninsular,8,3,GSM,False,8.58,osm,1.31,3.7,1.42,3.955,0.653,8486.0,22.32,1.062,9014.0,42993.0,4.77,1912,0,8483.0,24,10,11469.0,-2986.0,strong,0.5191,4.77,85.7,58.6,pvout:+0.18|dist_road:+0.31|population:+0.09|slope:-0.04
MY-00196,1.61671,114.2033,Sarawak,Sarawak,5,2,"GSM,LTE",False,11.12,predicted,17.21,2.2,18.05,4.37,0.673,8755.0,23.03,2.378,20817.0,54636.0,2.62,213,1,10789.0,26,11,9895.0,893.0,thin,0.4215,2.62,9.3,40.9,pvout:+0.31|dist_road:+0.28|population:+0.14|slope:-0.21
MY-00197,4.73145,117.47567,Sabah,Sabah,3,3,LTE,False,33.26,predicted,23.82,14.2,31.32,4.035,0.657,8537.0,22.45,3.427,29259.0,63925.0,2.18,1292,1,,0,0,,,unknown,0.3512,2.18,57.5,54.3,pvout:+0.35|dist_road:+0.13|population:+0.30|slope:-0.12
MY-00198,5.53118,99.98716,Kedah,Peninsular,3,3,GSM,False,4.06,osm,6.46,1.1,6.62,4.298,0.67,8709.0,22.9,1.474,12836.0,46637.0,3.63,1992,0,,0,0,,,unknown,0.4911,3.63,87.0,64.5,pvout:+0.09|dist_road:+0.14|population:+0.09|slope:-0.11
MY-00199,4.63809,103.7066,Kedah,Peninsular,1,2,"GSM,LTE",False,4.37,osm,5.42,2.5,5.72,3.792,0.645,8380.0,22.04,1.402,11752.0,46005.0,3.91,1006,0,5948.0,24,7,11102.0,-5154.0,strong,0.4791,3.91,45.6,50.0,pvout:+0.34|dist_road:+0.25|population:-0.09|slope:-0.06
MY-00201,5.91528,116.31539,Sabah,Sabah,7,2,GSM,False,7.2,osm,6.49,4.2,7.09,3.832,0.647,8406.0,22.11,1.51,12696.0,46960.0,3.7,111,0,,0,0,,,unknown,0.4708,3.7,5.0,34.5,pvout:+0.33|dist_road:+0.32|population:-0.00|slope:+0.07
MY-00202,1.80028,109.94057,Sarawak,Sarawak,5,3,"GSM,LTE",False,19.03,osm,13.35,0.8,13.59,3.552,0.633,8224.0,21.63,2.025,16655.0,51516.0,3.09,117,0,,0,0,,,unknown,0.4198,3.09,5.4,32.6,pvout:+0.06|dist_road:+0.25|population:+0.19|slope:-0.10
MY-00203,5.30436,100.44764,Johor,Peninsular,3,3,GSM,False,6.35,osm,8.78,9.9,10.7,4.045,0.657,8544.0,22.47,1.796,15348.0,49491.0,3.22,651,0,4522.0,29,13,10093.0,-5571.0,strong,0.4541,3.22,29.0,48.0,pvout:+0.05|dist_road:+0.26|population:-0.03|slope:-0.20
MY-00204,5.5269,102.26751,Perak,Peninsular,1,3,"GSM,LTE",False,12.1,osm,4.64,0.5,4.69,3.784,0.644,8375.0,22.03,1.321,11064.0,45285.0,4.09,2834,0,10069.0,17,3,11723.0,-1653.0,thin,0.4864,4.09,128.7,59.7,pvout:+0.10|dist_road:+0.28|population:-0.11|slope:-0.08
MY-00205,2.50216,104.09558,Kelantan,Peninsular,3,1,"GSM,UMTS",False,3.23,predicted,2.33,7.4,2.71,3.698,0.64,8319.0,21.88,1.165,9688.0,43899.0,4.53,1991,0,17209.0,17,3,11095.0,6114.0,thin,0.4984,4.53,91.0,56.2,pvout:+0.39|dist_road:+0.28|population:+0.07|slope:-0.07
MY-00206,6.20367,102.42375,Kedah,Peninsular,4,1,"GSM,LTE",False,12.6,osm,3.52,1.4,3.63,4.05,0.657,8547.0,22.48,1.237,10574.0,44541.0,4.21,5704,5,22230.0,13,2,11970.0,10260.0,thin,0.5047,4.21,253.7,65.8,pvout:+0.11|dist_road:+0.18|population:-0.13|slope:-0.22
MY-00207,2.80208,112.08877,Sarawak,Sarawak,1,3,LTE,False,11.3,predicted,15.81,3.5,17.05,3.557,0.633,8227.0,21.64,2.299,18912.0,53938.0,2.85,239,0,,0,0,,,unknown,0.4011,2.85,11.0,35.1,pvout:+0.09|dist_road:+0.23|population:-0.10|slope:-0.20
MY-00210,3.91,115.32293,Sarawak,Sarawak,8,1,GSM,False,14.17,predicted,18.71,1.6,19.37,4.248,0.667,8676.0,22.82,2.482,21536.0,55562.0,2.58,234,0,,0,0,,,unknown,0.4107,2.58,10.3,40.3,pvout:+0.35|dist_road:+0.09|population:+0.15|slope:-0.10
MY-00211,1.7825,112.25858,Sarawak,Sarawak,3,3,GSM,False,15.63,predicted,22.0,1.6,22.77,3.782,0.644,8373.0,22.02,2.751,23034.0,57940.0,2.52,884,0,,0,0,,,unknown,0.3801,2.52,40.1,48.4,pvout:+0.25|dist_road:+0.06|population:-0.20|slope:+0.04
MY-00212,4.72287,101.83608,Perak,Peninsular,3,2,GSM,False,9.47,osm,9.27,3.6,10.0,4.09,0.659,8573.0,22.55,1.741,14927.0,49002.0,3.28,1870,0,12304.0,37,11,11033.0,1271.0,strong,0.4601,3.28,82.9,60.6,pvout:+0.22|dist_road:+0.07|population:-0.03|slope:-0.07
MY-00213,5.25152,117.08615,Sabah,Sabah,7,1,LTE,False,18.94,predicted,22.96,2.3,24.11,3.954,0.653,8485.0,22.32,2.857,24242.0,58879.0,2.43,320,1,17784.0,30,11,9727.0,8057.0,thin,0.379,2.43,14.3,40.1,pvout:+0.10|dist_road:+0.21|population:+0.06|slope:-0.04
MY-00214,4.4242,110.13816,Sarawak,Sarawak,3,2,"GSM,LTE",False,16.36,osm,5.59,8.2,6.61,4.123,0.661,8595.0,22.61,1.473,12657.0,46626.0,3.68,627,1,,0,0,,,unknown,0.4848,3.68,27.7,49.5,pvout:+0.33|dist_road:+0.17|population:+0.24|slope:-0.08
MY-00215,2.45062,112.85965,Sarawak,Sarawak,6,1,"LTE,NR",False,18.93,predicted,5.87,8.8,7.01,3.933,0.652,8471.0,22.28,1.505,12746.0,46908.0,3.68,528,0,18062.0,26,6,10271.0,7791.0,thin,0.475,3.68,23.7,45.7,pvout:+0.21|dist_road:+0.25|population:+0.11|slope:-0.25
MY-00216,1.41201,100.00296,Perak,Peninsular,6,1,"GSM,LTE",False,7.08,osm,4.77,1.5,4.93,3.401,0.625,8126.0,21.37,1.34,10888.0,45452.0,4.17,1713,1,8444.0,33,10,11433.0,-2989.0,strong,0.4702,4.17,80.2,50.6,pvout:+0.39|dist_road:+0.33|population:-0.06|slope:-0.05
MY-00217,6.56552,104.35001,Pahang,Peninsular,8,1,"GSM,UMTS",False,7.58,osm,3.65,1.9,3.8,4.203,0.665,8647.0,22.74,1.25,10811.0,44658.0,4.13,1322,0,13162.0,36,14,11364.0,1798.0,strong,0.5092,4.13,58.1,57.9,pvout:+0.32|dist_road:+0.33|population:+0.09|slope:-0.24
MY-00218,6.12894,115.94424,Sabah,Sabah,3,3,LTE,False,14.65,predicted,3.76,7.3,4.36,3.874,0.649,8433.0,22.18,1.295,10921.0,45054.0,4.13,163,0,18349.0,34,9,10077.0,8272.0,thin,0.4923,4.13,7.3,35.6,pvout:+0.29|dist_road:+0.08|population:+0.14|slope:-0.04
MY-00219,2.86066,101.19114,Kedah,Peninsular,5,1,LTE,False,9.08,predicted,3.67,1.4,3.79,4.137,0.662,8604.0,22.63,1.25,10754.0,44654.0,4.15,2153,1,13277.0,26,8,11585.0,1692.0,thin,0.5067,4.15,95.1,62.2,pvout:+0.27|dist_road:+0.11|population:+0.05|slope:-0.03
MY-00220,1.72273,100.60894,Pahang,Peninsular,2,2,LTE,False,9.73,osm,3.58,3.0,3.82,4.107,0.66,8585.0,22.58,1.252,10746.0,44671.0,4.16,895,0,9569.0,33,12,11116.0,-1547.0,strong,0.5054,4.16,39.6,51.9,pvout:+0.16|dist_road:+0.10|population:-0.09|slope:+0.05
MY-00222,1.89097,113.95881,Sarawak,Sarawak,1,2,LTE,False,5.85,osm,11.16,7.5,13.02,3.626,0.636,8272.0,21.75,1.98,16378.0,51117.0,3.12,473,0,9150.0,29,6,10050.0,-900.0,strong,0.4256,3.12,21.7,41.5,pvout:+0.21|dist_road:+0.25|population:+0.06|slope:+0.04
MY-00223,7.1015,117.37146,Sabah,Sabah,6,3,GSM,False,10.09,osm,24.61,4.2,26.9,4.097,0.66,8578.0,22.56,3.078,26400.0,60832.0,2.3,1253,0,,0,0,,,unknown,0.3708,2.3,55.5,54.8,pvout:+0.23|dist_road:+0.08|population:-0.10|slope:-0.25
MY-00224,3.78296,101.07303,Kedah,Peninsular,2,3,LTE,False,5.72,osm,5.6,10.5,6.9,3.809,0.645,8391.0,22.07,1.496,12553.0,46833.0,3.73,2405,0,9641.0,27,11,10705.0,-1064.0,strong,0.4712,3.73,109.0,59.7,pvout:+0.34|dist_road:+0.25|population:+0.18|slope:+0.00
MY-00225,4.51338,118.09745,Sabah,Sabah,4,1,"LTE,NR",False,13.27,predicted,36.25,10.1,44.38,4.181,0.664,8633.0,22.7,4.46,38498.0,73064.0,1.9,353,0,,0,0,,,unknown,0.3107,1.9,15.5,40.8,pvout:+0.34|dist_road:+0.35|population:+0.13|slope:-0.16
MY-00226,2.07096,104.32899,Johor,Peninsular,1,2,"GSM,LTE",False,10.82,predicted,5.51,1.2,5.65,3.847,0.647,8415.0,22.13,1.397,11757.0,45957.0,3.91,1128,1,4014.0,31,13,11264.0,-7250.0,thin,0.4816,3.91,51.0,52.1,pvout:+0.09|dist_road:+0.23|population:+0.19|slope:-0.05
MY-00227,3.43651,112.54453,Sarawak,Sarawak,6,1,GSM,False,19.04,predicted,11.39,2.7,12.08,4.207,0.665,8650.0,22.75,1.905,16478.0,50453.0,3.06,1136,1,5533.0,26,8,10803.0,-5270.0,thin,0.4509,3.06,49.9,55.0,pvout:+0.16|dist_road:+0.27|population:+0.02|slope:-0.15
MY-00228,4.69935,113.7959,Sarawak,Sarawak,4,2,GSM,False,4.89,osm,14.04,1.1,14.38,4.027,0.656,8533.0,22.44,2.087,17807.0,52063.0,2.92,54,0,,0,0,,,unknown,0.431,2.92,2.4,34.5,pvout:+0.34|dist_road:+0.22|population:-0.06|slope:-0.13
MY-00229,2.1921,100.15257,Kedah,Peninsular,6,1,LTE,True,4.67,predicted,5.77,3.6,6.23,3.986,0.654,8506.0,22.37,1.443,12272.0,46361.0,3.78,4435,1,11257.0,30,12,11551.0,-293.0,thin,0.4825,3.78,198.2,64.9,pvout:+0.25|dist_road:+0.18|population:-0.12|slope:-0.04
MY-00232,7.10567,117.55871,Sabah,Sabah,5,3,LTE,False,13.25,predicted,6.39,4.6,7.05,4.258,0.668,8683.0,22.84,1.507,13088.0,46933.0,3.59,359,0,,0,0,,,unknown,0.4866,3.59,15.7,45.8,pvout:+0.29|dist_road:+0.05|population:+0.07|slope:-0.05
MY-00233,1.95737,114.6423,Sarawak,Sarawak,6,2,"GSM,LTE",False,12.86,predicted,21.73,10.5,26.81,3.884,0.649,8439.0,22.2,3.071,25914.0,60770.0,2.35,5271,1,,0,0,,,unknown,0.3652,2.35,237.5,63.8,pvout:+0.17|dist_road:+0.15|population:-0.04|slope:-0.09
MY-00234,7.06847,115.58175,Sabah,Sabah,6,3,LTE,False,27.88,osm,15.87,4.3,17.38,4.059,0.658,8554.0,22.5,2.325,19885.0,54168.0,2.72,3220,0,,0,0,,,unknown,0.4153,2.72,143.1,62.8,pvout:+0.33|dist_road:+0.19|population:+0.30|slope:-0.12
MY-00235,6.8189,118.66208,Sabah,Sabah,3,1,GSM,False,14.96,osm,0.3,7.1,0.35,3.914,0.651,8459.0,22.25,0.977,8268.0,42243.0,5.11,1219,1,,0,0,,,unknown,0.5266,5.11,54.8,53.5,pvout:+0.29|dist_road:+0.21|population:+0.18|slope:+0.06
MY-00236,3.741,113.2479,Sarawak,Sarawak,6,3,GSM,False,6.83,predicted,20.94,5.1,23.31,3.937,0.652,8474.0,22.29,2.794,23673.0,58317.0,2.46,859,0,11248.0,30,10,9957.0,1291.0,thin,0.3822,2.46,38.5,49.4,pvout:+0.23|dist_road:+0.20|population:+0.27|slope:+0.08
MY-00237,6.14637,115.91741,Sabah,Sabah,5,3,"GSM,LTE",False,24.49,osm,25.41,5.9,28.74,4.417,0.676,8786.0,23.11,3.223,28315.0,62115.0,2.19,93,0,17570.0,48,15,8799.0,8771.0,strong,0.372,2.19,4.0,36.7,pvout:+0.40|dist_road:+0.10|population:-0.20|slope:-0.10
MY-00239,3.05961,104.38431,Pahang,Peninsular,1,3,"GSM,LTE",True,3.93,osm,4.97,8.5,5.92,3.924,0.651,8465.0,22.26,1.418,12003.0,46141.0,3.84,1153,0,10437.0,21,5,10638.0,-201.0,strong,0.4825,3.84,51.8,53.6,pvout:+0.31|dist_road:+0.07|population:-0.01|slope:-0.05
MY-00240,6.1085,118.33573,Sabah,Sabah,3,1,LTE,False,7.59,osm,1.53,16.2,2.08,3.964,0.653,8492.0,22.33,1.114,9463.0,43455.0,4.59,265,0,16292.0,24,10,9580.0,6712.0,strong,0.5139,4.59,11.9,39.2,pvout:+0.12|dist_road:+0.27|population:-0.09|slope:+0.04
MY-00241,6.17332,116.67832,Sabah,Sabah,1,1,GSM,False,22.56,osm,2.67,35.6,4.78,3.689,0.639,8313.0,21.86,1.328,11041.0,45347.0,4.11,702,1,,0,0,,,unknown,0.4821,4.11,32.1,44.8,pvout:+0.17|dist_road:+0.23|population:+0.07|slope:-0.15
MY-00243,4.94798,113.15215,Sarawak,Sarawak,1,3,GSM,False,12.05,predicted,9.8,7.6,11.46,3.993,0.655,8510.0,22.38,1.856,15796.0,50020.0,3.17,1435,0,7512.0,26,5,10540.0,-3028.0,thin,0.4475,3.17,64.1,55.7,pvout:+0.20|dist_road:+0.30|population:+0.07|slope:-0.23
MY-00244,1.51745,113.97651,Sarawak,Sarawak,1,2,LTE,False,19.43,predicted,4.02,3.2,4.31,4.155,0.663,8616.0,22.66,1.291,11120.0,45015.0,4.05,86,0,12558.0,17,6,10187.0,2371.0,thin,0.5034,4.05,3.8,37.6,pvout:+0.30|dist_road:+0.10|population:+0.04|slope:-0.09
MY-00245,6.34768,118.40932,Sabah,Sabah,2,2,GSM,False,15.1,predicted,16.07,12.5,20.51,4.125,0.661,8596.0,22.61,2.572,22111.0,56358.0,2.55,648,0,,0,0,,,unknown,0.4011,2.55,28.7,47.9,pvout:+0.22|dist_road:+0.06|population:-0.06|slope:-0.23
MY-00246,1.26245,114.48624,Sarawak,Sarawak,3,2,"GSM,LTE",False,10.62,osm,9.3,2.4,9.8,3.567,0.633,8234.0,21.65,1.725,14201.0,48857.0,3.44,249,0,,0,0,,,unknown,0.4432,3.44,11.5,35.5,pvout:+0.20|dist_road:+0.24|population:+0.13|slope:-0.23
MY-00247,3.79772,104.22824,Pahang,Peninsular,1,2,"GSM,LTE",False,10.77,osm,3.59,6.5,4.1,4.193,0.665,8641.0,22.72,1.275,11013.0,44873.0,4.07,1326,1,18396.0,28,7,10952.0,7444.0,strong,0.5064,4.07,58.4,58.2,pvout:+0.09|dist_road:+0.25|population:+0.07|slope:+0.04
MY-00248,4.83175,100.30929,Perak,Peninsular,6,2,"GSM,UMTS",False,20.77,osm,7.22,3.3,7.75,3.873,0.649,8433.0,22.18,1.563,13178.0,47424.0,3.6,2709,0,,0,0,,,unknown,0.4677,3.6,122.1,61.3,pvout:+0.12|dist_road:+0.09|population:-0.02|slope:-0.03
MY-00249,4.51842,103.51979,Perak,Peninsular,2,3,GSM,True,5.22,osm,1.51,2.7,1.6,3.604,0.635,8258.0,21.72,1.077,8892.0,43123.0,4.85,653,0,,0,0,,,unknown,0.5036,4.85,30.1,44.1,pvout:+0.22|dist_road:+0.08|population:-0.16|slope:-0.01
MY-00250,3.6642,114.64051,Sarawak,Sarawak,7,1,GSM,False,11.82,predicted,5.85,5.8,6.61,4.301,0.67,8711.0,22.91,1.472,12826.0,46625.0,3.64,709,0,,0,0,,,unknown,0.4913,3.64,30.9,53.0,pvout:+0.15|dist_road:+0.25|population:-0.05|slope:-0.14
MY-00251,4.05604,116.04572,Sabah,Sabah,5,3,"GSM,UMTS",False,12.19,predicted,15.39,2.0,16.08,4.339,0.672,8735.0,22.97,2.222,19409.0,53257.0,2.74,486,1,,0,0,,,unknown,0.4314,2.74,21.2,46.4,pvout:+0.12|dist_road:+0.35|population:-0.19|slope:-0.21
MY-00252,2.29292,109.8113,Sarawak,Sarawak,1,2,GSM,False,20.17,predicted,22.72,2.2,23.83,3.979,0.654,8501.0,22.36,2.835,24102.0,58684.0,2.43,310,0,6200.0,26,11,9733.0,-3533.0,thin,0.381,2.43,13.9,40.2,pvout:+0.34|dist_road:+0.09|population:-0.06|slope:-0.16
MY-00259,2.84875,110.85436,Sarawak,Sarawak,2,2,"GSM,LTE",False,23.38,osm,25.96,1.0,26.5,4.22,0.666,8658.0,22.77,3.046,26373.0,60553.0,2.3,2950,0,,0,0,,,unknown,0.376,2.3,129.6,63.2,pvout:+0.29|dist_road:+0.17|population:+0.22|slope:+0.01
MY-00260,4.92609,103.08322,Perak,Peninsular,2,2,"GSM,LTE",False,6.75,predicted,3.03,7.6,3.54,3.747,0.642,8351.0,21.96,1.23,10273.0,44480.0,4.33,3026,1,2671.0,33,11,11194.0,-8523.0,thin,0.4938,4.33,137.8,59.3,pvout:+0.24|dist_road:+0.12|population:+0.20|slope:+0.05
MY-00261,5.99105,117.23781,Sabah,Sabah,4,3,"GSM,LTE",False,4.62,predicted,32.12,7.0,37.15,3.591,0.635,8249.0,21.7,3.888,32073.0,68004.0,2.12,410,0,2500.0,27,8,8886.0,-6387.0,thin,0.319,2.12,18.9,41.9,pvout:+0.34|dist_road:+0.07|population:+0.15|slope:-0.00
MY-00263,1.60932,101.89074,Perak,Peninsular,4,1,"GSM,UMTS",False,12.62,predicted,1.95,1.6,2.02,3.817,0.646,8396.0,22.08,1.11,9318.0,43415.0,4.66,715,0,11637.0,20,6,11247.0,390.0,thin,0.5086,4.66,32.4,46.7,pvout:+0.38|dist_road:+0.13|population:+0.19|slope:-0.01
MY-00264,6.65698,115.33504,Sabah,Sabah,8,2,GSM,False,18.89,osm,9.3,2.8,9.89,3.999,0.655,8514.0,22.39,1.732,14745.0,48920.0,3.32,388,0,,0,0,,,unknown,0.4577,3.32,17.3,43.0,pvout:+0.36|dist_road:+0.26|population:+0.23|slope:-0.12
MY-00265,3.73809,101.55444,Perak,Peninsular,3,3,"GSM,LTE",True,3.2,osm,7.34,6.2,8.36,4.123,0.661,8595.0,22.6,1.611,13846.0,47850.0,3.46,1450,2,5784.0,22,6,10804.0,-5020.0,strong,0.4724,3.46,64.1,58.6,pvout:+0.11|dist_road:+0.16|population:+0.21|slope:-0.20
MY-00267,5.29802,101.57923,Perak,Peninsular,4,3,LTE,False,10.87,osm,4.79,3.8,5.19,3.565,0.633,8232.0,21.65,1.361,11201.0,45634.0,4.07,2943,2,19070.0,38,10,11431.0,7639.0,strong,0.4745,4.07,135.9,57.4,pvout:+0.27|dist_road:+0.35|population:+0.25|slope:-0.02
MY-00268,6.5574,100.13082,Terengganu,Peninsular,1,3,"GSM,LTE",False,3.95,osm,5.13,3.8,5.57,4.016,0.656,8525.0,22.42,1.39,11852.0,45896.0,3.87,1205,0,21253.0,30,8,11073.0,10180.0,strong,0.4885,3.87,53.7,55.2,pvout:+0.33|dist_road:+0.08|population:+0.05|slope:-0.06
MY-00269,4.16335,100.07169,Johor,Peninsular,6,1,"GSM,LTE",False,5.74,predicted,7.28,4.9,8.06,3.74,0.642,8346.0,21.95,1.588,13250.0,47644.0,3.6,1400,0,14921.0,29,6,10915.0,4006.0,thin,0.4607,3.6,63.8,54.0,pvout:+0.32|dist_road:+0.13|population:-0.15|slope:-0.01
MY-00270,4.83198,103.44338,Johor,Peninsular,1,1,"GSM,LTE",False,18.91,osm,5.4,2.1,5.64,3.944,0.652,8478.0,22.3,1.396,11840.0,45951.0,3.88,1131,0,10279.0,30,6,11188.0,-909.0,strong,0.4853,3.88,50.7,53.3,pvout:+0.22|dist_road:+0.30|population:+0.04|slope:+0.05
MY-00271,2.9729,101.84115,Terengganu,Peninsular,6,3,LTE,False,4.44,osm,1.12,7.2,1.3,3.497,0.63,8188.0,21.53,1.053,8619.0,42909.0,4.98,38526,11,,0,0,,,unknown,0.5019,4.98,1789.0,62.7,pvout:+0.23|dist_road:+0.28|population:+0.16|slope:-0.16
MY-00273,3.99046,114.59001,Sarawak,Sarawak,3,3,"GSM,LTE",False,13.87,osm,16.12,4.0,17.57,4.114,0.661,8589.0,22.59,2.339,20093.0,54296.0,2.7,76,1,400.0,25,10,9400.0,-9000.0,strong,0.4161,2.7,3.4,35.5,pvout:+0.16|dist_road:+0.32|population:-0.08|slope:-0.01
MY-00274,2.069,113.36071,Sarawak,Sarawak,5,3,LTE,False,7.71,predicted,24.94,3.1,26.64,4.082,0.659,8568.0,22.53,3.057,26194.0,60650.0,2.32,121,1,,0,0,,,unknown,0.3715,2.32,5.4,36.2,pvout:+0.10|dist_road:+0.28|population:-0.09|slope:-0.04
MY-00275,3.30494,102.63866,Johor,Peninsular,6,1,"GSM,LTE",False,6.76,osm,9.85,2.6,10.41,3.663,0.638,8296.0,21.82,1.773,14710.0,49285.0,3.35,4269,0,8573.0,22,6,11405.0,-2832.0,strong,0.4427,3.35,195.7,61.7,pvout:+0.25|dist_road:+0.11|population:+0.05|slope:+0.06
MY-00276,5.24026,99.86884,Perak,Peninsular,8,1,"GSM,LTE",False,7.91,predicted,7.34,2.0,7.66,3.55,0.632,8222.0,21.62,1.556,12792.0,47362.0,3.7,7604,2,9033.0,26,11,11815.0,-2782.0,thin,0.4566,3.7,351.6,61.6,pvout:+0.29|dist_road:+0.35|population:+0.19|slope:-0.02
MY-00277,2.27369,112.03729,Sarawak,Sarawak,3,2,GSM,False,18.82,predicted,16.59,2.7,17.56,3.905,0.65,8453.0,22.23,2.339,19772.0,54294.0,2.75,304,0,8177.0,42,20,10023.0,-1846.0,thin,0.4095,2.75,13.7,39.1,pvout:+0.25|dist_road:+0.33|population:+0.06|slope:-0.11
MY-00278,5.28276,116.12372,Sabah,Sabah,7,2,GSM,False,8.82,osm,20.74,6.0,23.51,4.068,0.658,8559.0,22.51,2.809,24043.0,58454.0,2.43,2162,1,,0,0,,,unknown,0.3851,2.43,96.0,60.7,pvout:+0.34|dist_road:+0.33|population:+0.04|slope:-0.20
MY-00279,4.04215,118.16845,Sabah,Sabah,7,3,LTE,False,8.36,osm,8.0,4.6,8.82,4.022,0.656,8529.0,22.43,1.647,14049.0,48171.0,3.43,1263,1,5082.0,32,13,10860.0,-5779.0,strong,0.4657,3.43,56.3,56.1,pvout:+0.26|dist_road:+0.27|population:-0.01|slope:+0.01
MY-00280,3.49633,100.45611,Terengganu,Peninsular,8,2,GSM,True,3.73,osm,4.54,8.3,5.38,3.746,0.642,8350.0,21.96,1.376,11487.0,45767.0,3.98,1653,0,9335.0,26,8,10816.0,-1481.0,strong,0.4798,3.98,75.3,54.9,pvout:+0.24|dist_road:+0.14|population:+0.11|slope:-0.11
MY-00283,4.04646,100.74978,Pahang,Peninsular,3,1,"LTE,NR",False,4.08,osm,6.0,2.9,6.38,3.962,0.653,8490.0,22.33,1.455,12350.0,46467.0,3.76,4805,1,13615.0,35,14,11634.0,1980.0,strong,0.4805,3.76,215.2,64.8,pvout:+0.33|dist_road:+0.05|population:+0.21|slope:-0.14
MY-00284,4.36737,110.691,Sarawak,Sarawak,6,1,"GSM,LTE",False,24.25,osm,15.67,6.9,18.07,3.41,0.626,8132.0,21.39,2.379,19344.0,54647.0,2.83,895,0,8417.0,34,10,10102.0,-1685.0,strong,0.3913,2.83,41.8,46.4,pvout:+0.39|dist_road:+0.28|population:-0.08|slope:+0.09
MY-00285,6.11685,102.17563,Terengganu,Peninsular,7,2,"GSM,LTE",False,6.27,predicted,7.06,3.6,7.63,3.961,0.653,8490.0,22.33,1.554,13191.0,47344.0,3.59,1015,0,14522.0,24,8,10915.0,3607.0,thin,0.4716,3.59,45.5,52.6,pvout:+0.22|dist_road:+0.21|population:+0.25|slope:+0.07
MY-00286,3.58037,104.19365,Kelantan,Peninsular,3,1,LTE,False,7.01,osm,6.64,3.6,7.17,4.513,0.681,8849.0,23.27,1.517,13425.0,47020.0,3.5,1678,2,16625.0,22,10,11132.0,5493.0,strong,0.4949,3.5,72.1,65.2,pvout:+0.29|dist_road:+0.34|population:-0.04|slope:-0.17
MY-00287,4.76477,104.39053,Terengganu,Peninsular,7,3,"GSM,UMTS",False,9.18,osm,5.73,2.9,6.1,3.514,0.631,8199.0,21.56,1.432,11745.0,46271.0,3.94,14490,2,,0,0,,,unknown,0.466,3.94,672.0,61.3,pvout:+0.06|dist_road:+0.15|population:+0.10|slope:-0.14
MY-00288,3.03229,111.56634,Sarawak,Sarawak,6,3,LTE,False,16.4,predicted,19.01,5.5,21.35,3.909,0.65,8456.0,22.24,2.639,22311.0,56945.0,2.55,773,0,12207.0,34,7,9983.0,2224.0,thin,0.3905,2.55,34.8,48.5,pvout:+0.25|dist_road:+0.06|population:-0.02|slope:+0.01
MY-00290,5.7331,118.63327,Sabah,Sabah,7,3,"GSM,LTE",False,12.91,predicted,17.72,2.4,18.68,3.929,0.651,8469.0,22.27,2.427,20555.0,55074.0,2.68,1032,0,,0,0,,,unknown,0.4044,2.68,46.3,51.1,pvout:+0.09|dist_road:+0.26|population:+0.18|slope:-0.05
MY-00292,5.72445,115.53122,Sabah,Sabah,6,3,"LTE,NR",False,14.07,predicted,17.33,1.3,17.83,4.242,0.667,8672.0,22.81,2.36,20469.0,54482.0,2.66,670,0,16736.0,22,10,10402.0,6334.0,thin,0.4186,2.66,29.4,49.2,pvout:+0.36|dist_road:+0.34|population:-0.18|slope:-0.01
MY-00293,3.68826,100.43729,Kelantan,Peninsular,7,2,GSM,True,5.39,predicted,7.01,1.2,7.2,3.925,0.651,8467.0,22.27,1.519,12863.0,47039.0,3.66,4901,2,11271.0,29,12,11732.0,-461.0,thin,0.4734,3.66,220.1,64.8,pvout:+0.13|dist_road:+0.17|population:+0.11|slope:-0.00
MY-00294,5.48576,118.81652,Sabah,Sabah,1,3,GSM,False,8.32,predicted,7.97,11.6,10.03,4.283,0.669,8699.0,22.88,1.743,15164.0,49020.0,3.23,1234,1,,0,0,,,unknown,0.4667,3.23,53.9,57.9,pvout:+0.34|dist_road:+0.26|population:+0.19|slope:-0.04
MY-00296,4.84941,118.76571,Sabah,Sabah,5,2,"GSM,UMTS",False,12.02,predicted,8.39,18.2,11.77,3.795,0.645,8382.0,22.04,1.881,15766.0,50240.0,3.19,300,0,7348.0,22,7,9073.0,-1725.0,thin,0.4388,3.19,13.6,38.5,pvout:+0.09|dist_road:+0.06|population:+0.06|slope:+0.00
MY-00297,5.79365,118.06356,Sabah,Sabah,2,1,"GSM,LTE",False,9.57,osm,9.26,15.4,12.43,3.699,0.64,8320.0,21.88,1.933,16079.0,50698.0,3.15,884,1,,0,0,,,unknown,0.4316,3.15,40.4,48.4,pvout:+0.09|dist_road:+0.18|population:-0.07|slope:-0.05
MY-00299,4.3552,113.68191,Sarawak,Sarawak,6,2,LTE,False,14.55,predicted,25.39,6.4,28.98,3.983,0.654,8504.0,22.36,3.242,27569.0,62286.0,2.26,442,0,,0,0,,,unknown,0.3591,2.26,19.8,42.6,pvout:+0.19|dist_road:+0.11|population:-0.20|slope:-0.14
MY-00300,7.29777,117.35288,Sabah,Sabah,3,2,"GSM,LTE",False,17.76,osm,23.59,5.8,26.63,4.516,0.681,8851.0,23.28,3.056,27047.0,60640.0,2.24,8767,6,,0,0,,,unknown,0.3839,2.24,376.6,69.1,pvout:+0.23|dist_road:+0.33|population:-0.09|slope:-0.07
MY-00301,2.0542,100.00398,Kelantan,Peninsular,4,2,LTE,False,20.7,osm,6.61,0.3,6.66,4.037,0.657,8539.0,22.46,1.476,12608.0,46660.0,3.7,428,0,2423.0,26,7,10913.0,-8489.0,strong,0.4813,3.7,19.1,44.6,pvout:+0.25|dist_road:+0.24|population:-0.04|slope:-0.22
MY-00302,2.7302,110.78529,Sarawak,Sarawak,1,3,"GSM,LTE",False,8.26,predicted,31.75,5.3,35.5,4.106,0.66,8584.0,22.58,3.758,32256.0,66851.0,2.07,1569,1,,0,0,,,unknown,0.3377,2.07,69.5,56.6,pvout:+0.37|dist_road:+0.34|population:+0.02|slope:-0.05
MY-00303,4.8072,110.14278,Sarawak,Sarawak,1,2,"LTE,NR",False,7.23,predicted,12.3,3.5,13.27,3.776,0.644,8369.0,22.01,1.999,16732.0,51286.0,3.07,253,0,,0,0,,,unknown,0.4292,3.07,11.5,37.4,pvout:+0.06|dist_road:+0.06|population:-0.16|slope:+0.01
MY-00304,4.58795,117.87643,Sabah,Sabah,6,1,"GSM,LTE",True,3.23,osm,41.29,2.6,43.65,3.827,0.646,8402.0,22.1,4.402,36990.0,72557.0,1.96,686,0,,0,0,,,unknown,0.3046,1.96,31.0,47.3,pvout:+0.13|dist_road:+0.11|population:-0.20|slope:-0.24
MY-00305,3.56826,114.75057,Sarawak,Sarawak,8,3,"GSM,LTE",False,12.46,predicted,11.95,7.6,13.98,4.195,0.665,8642.0,22.73,2.056,17767.0,51789.0,2.91,7852,4,,0,0,,,unknown,0.4389,2.91,345.5,67.2,pvout:+0.19|dist_road:+0.21|population:+0.09|slope:-0.09
MY-00306,1.87696,100.6366,Johor,Peninsular,3,2,"GSM,LTE",False,4.42,osm,5.77,2.4,6.08,4.503,0.68,8842.0,23.25,1.43,12648.0,46253.0,3.66,763,0,,0,0,,,unknown,0.5028,3.66,32.8,56.3,pvout:+0.21|dist_road:+0.28|population:-0.06|slope:-0.17
MY-00307,1.37519,114.03242,Sarawak,Sarawak,2,1,"GSM,LTE",True,5.32,osm,10.42,6.1,11.82,4.346,0.672,8740.0,22.99,1.885,16477.0,50277.0,3.05,291,0,,0,0,,,unknown,0.4572,3.05,12.7,43.4,pvout:+0.35|dist_road:+0.26|population:+0.04|slope:-0.15
MY-00309,4.80869,104.07975,Pahang,Peninsular,5,3,GSM,False,10.85,predicted,7.51,5.1,8.36,3.911,0.651,8457.0,22.24,1.611,13626.0,47852.0,3.51,856,1,7889.0,30,6,10693.0,-2803.0,thin,0.4648,3.51,38.5,49.8,pvout:+0.10|dist_road:+0.06|population:+0.23|slope:-0.04
MY-00310,4.52888,110.75881,Sarawak,Sarawak,2,3,"GSM,UMTS",False,17.48,predicted,12.97,3.9,14.1,3.963,0.653,8491.0,22.33,2.066,17538.0,51873.0,2.96,1456,0,,0,0,,,unknown,0.4305,2.96,65.2,55.9,pvout:+0.07|dist_road:+0.10|population:-0.06|slope:-0.16
MY-00313,3.09804,100.66896,Pahang,Peninsular,1,3,"GSM,LTE",False,6.99,osm,5.81,0.2,5.84,3.562,0.633,8230.0,21.65,1.412,11621.0,46089.0,3.97,528,0,11811.0,27,6,11042.0,768.0,strong,0.4696,3.97,24.4,40.6,pvout:+0.24|dist_road:+0.17|population:+0.24|slope:+0.00
MY-00317,2.90599,111.29541,Sarawak,Sarawak,6,1,GSM,False,14.36,osm,8.53,2.0,8.9,3.889,0.649,8443.0,22.2,1.654,13966.0,48233.0,3.45,2747,1,,0,0,,,unknown,0.4604,3.45,123.7,61.9,pvout:+0.37|dist_road:+0.31|population:+0.26|slope:+0.09
MY-00318,2.68274,104.25445,Pahang,Peninsular,2,3,"LTE,NR",False,13.07,osm,2.67,5.2,2.98,3.804,0.645,8388.0,22.06,1.186,9946.0,44086.0,4.43,432,0,17584.0,21,5,10690.0,6894.0,strong,0.5004,4.43,19.6,41.0,pvout:+0.16|dist_road:+0.11|population:-0.12|slope:-0.03
MY-00319,5.08686,118.96835,Sabah,Sabah,4,3,"LTE,NR",False,16.13,predicted,38.05,1.3,39.13,3.548,0.632,8221.0,21.62,4.045,33252.0,69390.0,2.09,213,0,,0,0,,,unknown,0.3116,2.09,9.9,37.0,pvout:+0.29|dist_road:+0.08|population:+0.21|slope:+0.02
MY-00320,4.99947,115.61214,Sabah,Sabah,6,2,"GSM,LTE",False,17.74,predicted,11.63,3.8,12.62,3.789,0.644,8378.0,22.03,1.948,16321.0,50834.0,3.11,910,0,9385.0,42,18,10605.0,-1219.0,thin,0.4334,3.11,41.3,49.3,pvout:+0.27|dist_road:+0.18|population:-0.12|slope:-0.07
MY-00321,1.48072,115.23801,Sarawak,Sarawak,5,3,"GSM,UMTS",False,21.12,osm,0.89,19.2,1.27,3.804,0.645,8387.0,22.06,1.05,8808.0,42886.0,4.87,334,0,,0,0,,,unknown,0.5144,4.87,15.1,39.6,pvout:+0.11|dist_road:+0.23|population:-0.05|slope:-0.16
MY-00322,4.87282,101.36992,Kelantan,Peninsular,2,3,GSM,False,6.99,osm,2.91,4.0,3.16,3.715,0.641,8330.0,21.91,1.2,9998.0,44215.0,4.42,437,0,,0,0,,,unknown,0.4955,4.42,19.9,40.1,pvout:+0.20|dist_road:+0.22|population:-0.02|slope:+0.09
MY-00323,1.52603,113.70747,Sarawak,Sarawak,8,2,LTE,False,10.74,osm,13.54,9.5,16.38,4.178,0.664,8631.0,22.7,2.246,19382.0,53468.0,2.76,4628,0,,0,0,,,unknown,0.4245,2.76,203.9,65.6,pvout:+0.05|dist_road:+0.32|population:-0.20|slope:-0.17
MY-00324,5.84725,116.49463,Sabah,Sabah,1,2,GSM,False,18.06,predicted,18.92,4.5,20.82,3.329,0.621,8079.0,21.25,2.596,20976.0,56572.0,2.7,221,2,,0,0,,,unknown,0.3756,2.7,10.4,33.0,pvout:+0.40|dist_road:+0.27|population:+0.12|slope:+0.00
MY-00325,3.71889,113.14103,Sarawak,Sarawak,8,1,LTE,False,18.51,predicted,18.99,1.1,19.46,3.304,0.62,8063.0,21.21,2.489,20067.0,55621.0,2.77,494,0,,0,0,,,unknown,0.3812,2.77,23.3,39.4,pvout:+0.19|dist_road:+0.29|population:-0.12|slope:+0.03
MY-00326,5.69755,115.49707,Sabah,Sabah,6,1,"LTE,NR",False,15.54,predicted,20.09,6.5,22.99,3.901,0.65,8451.0,22.23,2.769,23396.0,58096.0,2.48,488,0,5727.0,26,5,9663.0,-3936.0,thin,0.3826,2.48,22.0,43.3,pvout:+0.38|dist_road:+0.31|population:+0.17|slope:-0.02
MY-00328,2.07503,111.33493,Sarawak,Sarawak,3,2,"GSM,LTE",False,5.11,predicted,17.06,1.9,17.8,4.021,0.656,8529.0,22.43,2.358,20109.0,54461.0,2.71,955,0,,0,0,,,unknown,0.4119,2.71,42.6,51.0,pvout:+0.23|dist_road:+0.17|population:+0.23|slope:-0.02
MY-00330,1.47313,109.82924,Sarawak,Sarawak,8,1,"GSM,LTE",False,16.46,osm,8.42,2.3,8.85,3.625,0.636,8271.0,21.75,1.65,13646.0,48195.0,3.53,434,1,10038.0,27,11,10640.0,-603.0,strong,0.4513,3.53,20.0,40.3,pvout:+0.20|dist_road:+0.29|population:-0.17|slope:+0.03
MY-00332,2.70842,113.82519,Sarawak,Sarawak,3,1,"GSM,LTE",False,18.96,predicted,3.3,3.2,3.54,3.768,0.643,8364.0,22.0,1.23,10285.0,44476.0,4.32,1272,0,10661.0,36,16,11251.0,-590.0,thin,0.4946,4.32,57.8,52.1,pvout:+0.33|dist_road:+0.12|population:-0.18|slope:-0.00
MY-00333,6.18872,119.0737,Sabah,Sabah,8,3,GSM,False,20.21,osm,23.58,5.3,26.36,4.365,0.673,8752.0,23.02,3.035,26562.0,60453.0,2.28,187,0,,0,0,,,unknown,0.3808,2.28,8.1,39.2,pvout:+0.12|dist_road:+0.35|population:-0.20|slope:-0.17
MY-00334,2.121,101.80164,Pahang,Peninsular,1,3,LTE,False,11.39,predicted,7.07,1.8,7.35,3.803,0.645,8387.0,22.06,1.531,12843.0,47146.0,3.67,15034,4,3706.0,25,6,12103.0,-8396.0,thin,0.4679,3.67,681.6,65.5,pvout:+0.06|dist_road:+0.28|population:+0.09|slope:+0.05
MY-00335,2.59885,109.85042,Sarawak,Sarawak,7,1,"GSM,LTE",False,19.44,osm,22.79,5.4,25.54,3.884,0.649,8440.0,22.2,2.97,25064.0,59877.0,2.39,281,0,,0,0,,,unknown,0.3707,2.39,12.7,39.0,pvout:+0.39|dist_road:+0.23|population:-0.08|slope:-0.22
MY-00336,2.87431,104.23933,Johor,Peninsular,7,3,"GSM,LTE",False,4.26,predicted,5.12,7.3,5.94,4.643,0.687,8933.0,23.49,1.42,12686.0,46161.0,3.64,1980,1,7685.0,30,11,10949.0,-3264.0,thin,0.5089,3.64,84.3,68.4,pvout:+0.35|dist_road:+0.12|population:+0.25|slope:+0.06
MY-00337,3.03969,109.62817,Sarawak,Sarawak,4,3,LTE,False,14.38,osm,20.99,9.6,25.48,3.842,0.647,8412.0,22.12,2.965,24940.0,59833.0,2.4,188,0,,0,0,,,unknown,0.3698,2.4,8.5,36.4,pvout:+0.27|dist_road:+0.23|population:+0.28|slope:+0.01
MY-00341,4.96975,117.96891,Sabah,Sabah,4,1,"GSM,LTE",False,20.27,predicted,19.64,12.4,25.06,3.987,0.654,8506.0,22.37,2.932,24941.0,59542.0,2.39,397,0,,0,0,,,unknown,0.3757,2.39,17.7,42.3,pvout:+0.29|dist_road:+0.18|population:+0.04|slope:-0.11
MY-00342,6.35542,118.64859,Sabah,Sabah,2,1,"GSM,UMTS",False,14.23,predicted,17.42,1.4,17.98,3.958,0.653,8488.0,22.32,2.372,20130.0,54583.0,2.71,226,0,,0,0,,,unknown,0.409,2.71,10.1,37.5,pvout:+0.38|dist_road:+0.24|population:+0.19|slope:-0.24
MY-00343,2.04651,113.83107,Sarawak,Sarawak,3,3,LTE,False,25.12,osm,5.12,2.3,5.38,3.93,0.652,8470.0,22.27,1.375,11649.0,45765.0,3.93,1206,0,,0,0,,,unknown,0.4867,3.93,54.1,53.9,pvout:+0.35|dist_road:+0.18|population:+0.17|slope:-0.24
MY-00344,4.08514,119.2631,Sabah,Sabah,2,1,GSM,False,12.24,osm,0.52,6.4,0.59,3.727,0.641,8338.0,21.93,0.997,8311.0,42414.0,5.1,275,0,,0,0,,,unknown,0.517,5.1,12.5,37.9,pvout:+0.36|dist_road:+0.25|population:+0.03|slope:-0.14
MY-00345,4.89212,115.86331,Sabah,Sabah,5,1,"GSM,UMTS",False,28.13,predicted,7.59,4.9,8.41,3.998,0.655,8513.0,22.39,1.615,13753.0,47890.0,3.48,246,0,3511.0,25,5,10237.0,-6727.0,thin,0.4675,3.48,11.0,39.7,pvout:+0.16|dist_road:+0.14|population:-0.13|slope:-0.09
MY-00346,5.57665,118.478,Sabah,Sabah,5,3,LTE,False,12.24,predicted,19.08,5.4,21.39,4.509,0.68,8846.0,23.26,2.642,23367.0,56973.0,2.44,406,1,,0,0,,,unknown,0.4083,2.44,17.5,46.0,pvout:+0.21|dist_road:+0.17|population:+0.15|slope:-0.10
MY-00347,2.45312,102.29429,Pahang,Peninsular,3,3,"GSM,UMTS",False,3.16,osm,7.07,4.2,7.72,4.263,0.668,8686.0,22.84,1.561,13558.0,47407.0,3.5,5392,2,4477.0,23,10,11502.0,-7025.0,strong,0.4819,3.5,236.0,69.3,pvout:+0.08|dist_road:+0.31|population:+0.01|slope:-0.02
MY-00349,4.21881,100.57748,Kedah,Peninsular,5,1,GSM,False,10.77,osm,2.06,5.1,2.29,4.157,0.663,8617.0,22.66,1.131,9747.0,43604.0,4.47,1808,0,12483.0,36,16,11275.0,1208.0,strong,0.5197,4.47,79.8,59.6,pvout:+0.38|dist_road:+0.28|population:+0.07|slope:-0.06
MY-00350,3.41898,113.98772,Sarawak,Sarawak,1,3,GSM,False,7.49,osm,7.49,10.1,9.17,3.639,0.637,8281.0,21.78,1.675,13870.0,48417.0,3.49,143,1,,0,0,,,unknown,0.4498,3.49,6.6,33.2,pvout:+0.35|dist_road:+0.30|population:-0.11|slope:-0.03
MY-00352,2.43224,112.33551,Sarawak,Sarawak,7,1,"GSM,LTE",False,19.97,osm,1.74,0.5,1.76,4.184,0.664,8635.0,22.71,1.089,9405.0,43232.0,4.6,167,0,6256.0,27,10,10807.0,-4551.0,strong,0.5253,4.6,7.4,38.0,pvout:+0.35|dist_road:+0.29|population:-0.14|slope:-0.10
MY-00353,3.57047,112.41906,Sarawak,Sarawak,7,3,LTE,False,19.11,osm,1.2,2.3,1.26,4.346,0.672,8740.0,22.99,1.05,9175.0,42883.0,4.67,2223,0,6099.0,28,13,11659.0,-5560.0,strong,0.536,4.67,96.7,61.2,pvout:+0.23|dist_road:+0.13|population:+0.14|slope:-0.08
MY-00354,1.34553,112.12959,Sarawak,Sarawak,7,1,"GSM,LTE",False,18.92,predicted,6.6,2.1,6.92,3.669,0.638,8300.0,21.83,1.497,12424.0,46841.0,3.77,1023,1,,0,0,,,unknown,0.466,3.77,46.9,48.7,pvout:+0.15|dist_road:+0.15|population:+0.23|slope:+0.05
MY-00355,0.95649,111.48293,Sarawak,Sarawak,8,2,GSM,False,8.46,osm,14.78,5.8,16.66,3.755,0.643,8356.0,21.98,2.268,18951.0,53665.0,2.83,254,0,3949.0,20,6,9775.0,-5826.0,strong,0.4095,2.83,11.6,37.1,pvout:+0.33|dist_road:+0.32|population:+0.28|slope:-0.08
MY-00356,1.91801,112.62594,Sarawak,Sarawak,1,1,"GSM,UMTS",False,10.64,osm,3.37,5.7,3.8,4.554,0.683,8875.0,23.34,1.251,11100.0,44661.0,4.02,342,0,,0,0,,,unknown,0.5227,4.02,14.7,47.2,pvout:+0.08|dist_road:+0.29|population:+0.12|slope:-0.12
MY-00357,4.10538,118.83843,Sabah,Sabah,3,1,"GSM,UMTS",False,10.58,predicted,12.96,4.7,14.3,3.929,0.651,8469.0,22.27,2.081,17621.0,52008.0,2.95,263,0,9114.0,22,10,9988.0,-874.0,thin,0.4283,2.95,11.8,38.5,pvout:+0.39|dist_road:+0.15|population:+0.25|slope:-0.04
MY-00358,2.77184,112.10068,Sarawak,Sarawak,4,3,"GSM,LTE",False,16.48,predicted,23.53,7.6,27.52,4.447,0.677,8806.0,23.16,3.127,27532.0,61266.0,2.23,248,0,,0,0,,,unknown,0.378,2.23,10.7,40.8,pvout:+0.06|dist_road:+0.31|population:+0.18|slope:-0.03
MY-00359,2.5157,113.06937,Sarawak,Sarawak,5,2,GSM,False,21.87,predicted,2.28,24.9,3.55,3.962,0.653,8490.0,22.33,1.231,10447.0,44483.0,4.26,953,0,6936.0,32,14,9242.0,-2306.0,thin,0.502,4.26,42.7,50.8,pvout:+0.27|dist_road:+0.12|population:-0.09|slope:-0.24
MY-00360,6.10008,115.40039,Sabah,Sabah,7,3,"GSM,LTE",False,13.58,predicted,12.14,4.6,13.38,3.974,0.654,8498.0,22.35,2.008,17062.0,51363.0,3.01,451,0,,0,0,,,unknown,0.4351,3.01,20.2,43.5,pvout:+0.10|dist_road:+0.15|population:+0.07|slope:-0.20
MY-00361,6.3552,102.83532,Terengganu,Peninsular,6,1,LTE,False,16.82,osm,8.07,3.3,8.67,3.808,0.645,8390.0,22.07,1.636,13725.0,48070.0,3.5,16013,6,21677.0,23,8,11936.0,9742.0,strong,0.4591,3.5,725.7,66.3,pvout:+0.25|dist_road:+0.13|population:-0.07|slope:+0.08
MY-00362,4.57231,102.9297,Kedah,Peninsular,6,3,"GSM,LTE",False,9.28,osm,3.75,2.7,3.97,4.183,0.664,8634.0,22.71,1.264,10914.0,44780.0,4.1,6976,3,3473.0,27,12,11913.0,-8440.0,strong,0.5071,4.1,307.2,68.7,pvout:+0.40|dist_road:+0.29|population:-0.17|slope:+0.01
MY-00364,4.22224,114.8091,Sarawak,Sarawak,6,3,GSM,False,16.8,osm,24.47,8.4,29.03,3.589,0.634,8248.0,21.69,3.246,26770.0,62318.0,2.33,1177,0,18191.0,26,11,9588.0,8604.0,strong,0.3481,2.33,54.3,52.2,pvout:+0.11|dist_road:+0.22|population:+0.25|slope:-0.12
MY-00365,4.65249,100.7975,Perak,Peninsular,7,1,LTE,False,14.94,osm,4.08,2.2,4.28,3.794,0.645,8381.0,22.04,1.289,10800.0,44996.0,4.17,1309,0,15288.0,26,11,11305.0,3982.0,strong,0.4899,4.17,59.4,52.7,pvout:+0.38|dist_road:+0.26|population:-0.05|slope:-0.22
MY-00366,6.30626,118.29177,Sabah,Sabah,7,1,GSM,False,24.99,predicted,23.94,2.8,25.42,4.175,0.664,8628.0,22.69,2.961,25545.0,59795.0,2.34,1094,2,8374.0,31,14,10092.0,-1718.0,thin,0.3795,2.34,48.2,53.5,pvout:+0.34|dist_road:+0.19|population:-0.16|slope:-0.21
MY-00367,2.44913,115.37105,Sarawak,Sarawak,5,2,"GSM,LTE",False,19.31,predicted,17.86,3.0,19.04,3.861,0.648,8425.0,22.16,2.456,20689.0,55328.0,2.67,424,1,,0,0,,,unknown,0.4005,2.67,19.1,41.6,pvout:+0.39|dist_road:+0.12|population:+0.28|slope:-0.01
MY-00368,3.06655,103.16515,Kedah,Peninsular,1,1,"GSM,UMTS",True,3.18,osm,3.97,5.3,4.44,3.752,0.643,8354.0,21.97,1.301,10867.0,45105.0,4.15,10201,2,10143.0,23,6,11816.0,-1673.0,strong,0.4871,4.15,464.3,63.7,pvout:+0.16|dist_road:+0.17|population:+0.19|slope:-0.10
MY-00369,6.53889,116.65437,Sabah,Sabah,2,1,GSM,False,9.48,osm,18.32,8.2,21.67,4.203,0.665,8647.0,22.74,2.664,23031.0,57166.0,2.48,901,2,6168.0,24,11,9838.0,-3670.0,strong,0.3978,2.48,39.6,51.2,pvout:+0.08|dist_road:+0.12|population:+0.23|slope:-0.01
MY-00370,3.07481,110.05671,Sarawak,Sarawak,6,3,"GSM,UMTS",False,15.03,osm,16.88,3.7,18.27,4.231,0.667,8665.0,22.79,2.395,20751.0,54787.0,2.64,782,0,,0,0,,,unknown,0.416,2.64,34.3,51.1,pvout:+0.23|dist_road:+0.12|population:+0.04|slope:+0.03
MY-00371,6.47587,100.51059,Johor,Peninsular,7,3,GSM,False,14.72,osm,8.06,3.8,8.74,3.765,0.643,8362.0,21.99,1.641,13724.0,48117.0,3.51,2268,1,8188.0,30,7,11153.0,-2965.0,strong,0.4571,3.51,103.1,59.2,pvout:+0.08|dist_road:+0.35|population:+0.23|slope:-0.14
MY-00372,3.47832,104.19601,Pahang,Peninsular,7,3,LTE,False,6.04,osm,3.35,2.7,3.56,3.964,0.653,8491.0,22.33,1.232,10457.0,44492.0,4.25,11387,3,7196.0,24,8,12118.0,-4922.0,strong,0.5019,4.25,509.9,66.3,pvout:+0.35|dist_road:+0.25|population:+0.13|slope:-0.20
MY-00373,4.96422,100.60194,Pahang,Peninsular,4,3,GSM,False,6.18,osm,5.12,3.4,5.51,3.537,0.632,8214.0,21.6,1.386,11381.0,45855.0,4.03,476,0,16531.0,33,12,10759.0,5772.0,strong,0.4711,4.03,22.0,38.9,pvout:+0.37|dist_road:+0.19|population:+0.20|slope:-0.15
MY-00374,1.52078,100.2151,Johor,Peninsular,5,1,"LTE,NR",True,3.36,osm,4.82,1.6,4.99,3.631,0.637,8275.0,21.76,1.345,11129.0,45494.0,4.09,12560,5,8152.0,21,9,12174.0,-4022.0,strong,0.4784,4.09,577.1,62.6,pvout:+0.16|dist_road:+0.34|population:+0.05|slope:-0.23
MY-00376,5.75635,117.85925,Sabah,Sabah,5,1,GSM,False,9.87,predicted,4.77,4.4,5.24,3.909,0.65,8456.0,22.24,1.364,11536.0,45666.0,3.96,147,0,,0,0,,,unknown,0.487,3.96,6.6,35.9,pvout:+0.34|dist_road:+0.12|population:+0.24|slope:+0.07
MY-00377,5.95056,102.19384,Kelantan,Peninsular,2,2,"GSM,UMTS",True,3.95,osm,8.05,1.3,8.28,3.61,0.635,8261.0,21.73,1.605,13258.0,47796.0,3.61,941,0,11205.0,26,8,11045.0,160.0,strong,0.4546,3.61,43.3,47.6,pvout:+0.08|dist_road:+0.22|population:+0.29|slope:+0.08
MY-00378,4.57318,102.13933,Johor,Peninsular,7,1,GSM,False,15.03,osm,6.4,1.2,6.57,3.685,0.639,8310.0,21.86,1.469,12212.0,46598.0,3.82,383,0,,0,0,,,unknown,0.469,3.82,17.5,38.9,pvout:+0.23|dist_road:+0.25|population:+0.10|slope:-0.18
MY-00379,3.33341,111.83116,Sarawak,Sarawak,7,1,LTE,False,9.32,osm,2.15,1.5,2.22,3.58,0.634,8242.0,21.68,1.126,9278.0,43554.0,4.69,1157,0,5287.0,22,10,11425.0,-6139.0,strong,0.4977,4.69,53.4,49.3,pvout:+0.28|dist_road:+0.15|population:-0.03|slope:-0.10
MY-00380,0.98951,110.6481,Sarawak,Sarawak,1,3,GSM,False,11.37,osm,24.87,0.5,25.15,4.037,0.657,8539.0,22.46,2.939,25095.0,59604.0,2.38,213,1,,0,0,,,unknown,0.3768,2.38,9.5,38.1,pvout:+0.35|dist_road:+0.12|population:-0.07|slope:-0.25
MY-00381,6.05341,117.3076,Sabah,Sabah,8,1,LTE,True,4.94,osm,34.11,3.7,36.94,3.31,0.62,8066.0,21.21,3.872,31231.0,67860.0,2.17,712,0,14780.0,33,12,9284.0,5496.0,strong,0.3126,2.17,33.6,47.2,pvout:+0.10|dist_road:+0.34|population:+0.02|slope:-0.18
MY-00382,5.34662,116.26494,Sabah,Sabah,7,3,GSM,False,16.02,predicted,23.02,11.9,29.1,3.597,0.635,8253.0,21.7,3.251,26833.0,62369.0,2.32,1870,0,11817.0,32,11,9527.0,2290.0,thin,0.348,2.32,86.2,57.2,pvout:+0.39|dist_road:+0.06|population:+0.04|slope:+0.03
MY-00383,3.01205,111.6423,Sarawak,Sarawak,4,3,GSM,False,20.57,osm,26.84,9.9,32.77,3.341,0.622,8087.0,21.27,3.542,28640.0,64938.0,2.27,307,0,,0,0,,,unknown,0.3275,2.27,14.4,38.2,pvout:+0.32|dist_road:+0.11|population:+0.15|slope:-0.03
MY-00384,3.7085,101.796,Terengganu,Peninsular,4,2,GSM,False,14.37,osm,5.26,8.0,6.19,4.026,0.656,8532.0,22.44,1.44,12282.0,46334.0,3.77,1528,0,10101.0,35,12,10777.0,-676.0,strong,0.4843,3.77,68.1,57.8,pvout:+0.29|dist_road:+0.13|population:+0.21|slope:-0.05
MY-00385,4.14026,115.75441,Sabah,Sabah,1,1,"GSM,LTE",False,12.42,predicted,0.95,2.3,1.0,3.359,0.623,8098.0,21.3,1.029,8335.0,42702.0,5.12,163,0,8934.0,24,9,10679.0,-1745.0,thin,0.4988,5.12,7.7,31.0,pvout:+0.30|dist_road:+0.33|population:+0.23|slope:+0.02
MY-00386,2.31381,111.26734,Sarawak,Sarawak,8,2,"GSM,LTE",False,15.02,predicted,2.6,8.8,3.1,3.91,0.65,8456.0,22.24,1.195,10108.0,44172.0,4.37,408,0,,0,0,,,unknown,0.5035,4.37,18.3,41.9,pvout:+0.15|dist_road:+0.07|population:+0.09|slope:-0.24
MY-00387,4.33984,115.67948,Sabah,Sabah,1,2,LTE,False,9.93,predicted,16.3,5.0,18.09,4.392,0.675,8770.0,23.06,2.381,20878.0,54663.0,2.62,7895,3,,0,0,,,unknown,0.4219,2.62,342.3,69.1,pvout:+0.30|dist_road:+0.27|population:+0.08|slope:-0.19
MY-00388,6.26687,104.47511,Kedah,Peninsular,8,2,"GSM,UMTS",False,6.7,osm,3.22,1.5,3.33,4.402,0.675,8776.0,23.08,1.213,10649.0,44331.0,4.16,4350,0,16212.0,42,13,11873.0,4339.0,strong,0.5207,4.16,188.5,68.1,pvout:+0.36|dist_road:+0.23|population:+0.06|slope:-0.05
MY-00389,6.22699,115.62362,Sabah,Sabah,6,2,GSM,False,13.2,osm,5.77,11.0,7.18,3.358,0.623,8098.0,21.3,1.518,12289.0,47023.0,3.83,461,0,16453.0,25,9,10027.0,6427.0,strong,0.4529,3.83,21.6,36.8,pvout:+0.08|dist_road:+0.27|population:-0.17|slope:-0.05
MY-00390,2.62725,110.61232,Sarawak,Sarawak,8,2,LTE,False,11.41,osm,13.44,5.0,14.93,3.99,0.654,8508.0,22.38,2.13,18127.0,52449.0,2.89,326,0,5637.0,34,10,10012.0,-4375.0,strong,0.4266,2.89,14.6,40.5,pvout:+0.11|dist_road:+0.11|population:-0.08|slope:-0.24
MY-00391,5.84072,102.03415,Perak,Peninsular,3,3,"GSM,LTE",True,3.96,osm,6.85,0.5,6.92,3.603,0.635,8257.0,21.72,1.497,12363.0,46843.0,3.79,1914,0,,0,0,,,unknown,0.4636,3.79,88.1,55.1,pvout:+0.36|dist_road:+0.29|population:-0.18|slope:-0.23
MY-00392,1.31118,114.03164,Sarawak,Sarawak,8,1,LTE,False,14.16,osm,0.93,9.9,1.13,3.542,0.632,8217.0,21.61,1.039,8539.0,42790.0,5.01,685,0,7706.0,25,7,10543.0,-2838.0,strong,0.5051,5.01,31.7,44.4,pvout:+0.32|dist_road:+0.05|population:+0.03|slope:-0.21
MY-00393,4.10956,112.47847,Sarawak,Sarawak,4,2,"GSM,LTE",False,8.94,predicted,9.96,7.2,11.55,3.866,0.648,8428.0,22.17,1.863,15705.0,50085.0,3.19,395,0,2451.0,33,14,10079.0,-7628.0,thin,0.4426,3.19,17.8,41.5,pvout:+0.26|dist_road:+0.35|population:-0.11|slope:+0.08
MY-00395,4.76386,114.93162,Sarawak,Sarawak,3,2,GSM,False,22.95,osm,4.32,1.9,4.5,4.08,0.659,8567.0,22.53,1.306,11190.0,45153.0,4.04,231,0,,0,0,,,unknown,0.499,4.04,10.3,40.0,pvout:+0.35|dist_road:+0.35|population:+0.18|slope:+0.05
MY-00396,7.38489,117.81494,Sabah,Sabah,8,1,"LTE,NR",False,29.97,predicted,21.83,6.5,25.0,3.685,0.639,8311.0,21.86,2.927,24325.0,59499.0,2.45,230,0,,0,0,,,unknown,0.3673,2.45,10.5,36.1,pvout:+0.26|dist_road:+0.31|population:-0.14|slope:+0.01
MY-00397,4.23165,101.72448,Kedah,Peninsular,4,3,GSM,False,5.43,osm,3.55,7.3,4.12,4.112,0.661,8587.0,22.59,1.276,10956.0,44884.0,4.1,2893,1,18070.0,35,12,11179.0,6891.0,strong,0.5032,4.1,128.1,64.0,pvout:+0.27|dist_road:+0.07|population:-0.05|slope:-0.17
MY-00399,3.94709,100.02076,Terengganu,Peninsular,6,3,GSM,False,3.7,predicted,8.29,0.7,8.41,3.674,0.639,8303.0,21.84,1.615,13412.0,47889.0,3.57,4142,0,22643.0,26,10,11650.0,10993.0,thin,0.456,3.57,189.7,61.3,pvout:+0.19|dist_road:+0.11|population:-0.06|slope:-0.15
MY-00401,4.05373,116.64078,Sabah,Sabah,5,2,LTE,False,17.27,osm,22.18,7.1,25.68,3.923,0.651,8465.0,22.26,2.981,25233.0,59975.0,2.38,96,0,8131.0,21,9,8880.0,-749.0,strong,0.3712,2.38,4.3,34.7,pvout:+0.26|dist_road:+0.09|population:-0.08|slope:-0.14
MY-00402,5.89578,116.0882,Sabah,Sabah,4,3,LTE,False,15.14,predicted,3.64,9.3,4.38,3.839,0.647,8410.0,22.12,1.297,10906.0,45069.0,4.13,671,0,5707.0,29,10,10440.0,-4733.0,thin,0.4908,4.13,30.3,46.0,pvout:+0.21|dist_road:+0.06|population:+0.30|slope:-0.14
MY-00403,3.13738,100.79425,Pahang,Peninsular,2,3,"GSM,LTE",True,4.2,osm,8.34,3.5,8.98,3.858,0.648,8422.0,22.15,1.661,13986.0,48289.0,3.45,370,0,6901.0,17,8,10477.0,-3576.0,strong,0.4587,3.45,16.7,41.4,pvout:+0.15|dist_road:+0.22|population:+0.23|slope:-0.09
MY-00404,6.55343,118.03673,Sabah,Sabah,8,1,"GSM,LTE",False,14.7,predicted,6.33,2.4,6.66,3.848,0.647,8416.0,22.13,1.477,12430.0,46664.0,3.75,1203,0,,0,0,,,unknown,0.4743,3.75,54.4,53.5,pvout:+0.14|dist_road:+0.22|population:+0.04|slope:-0.10
MY-00405,6.81103,118.01608,Sabah,Sabah,4,2,LTE,False,6.16,osm,16.34,5.8,18.43,3.907,0.65,8454.0,22.23,2.407,20352.0,54899.0,2.7,469,0,,0,0,,,unknown,0.405,2.7,21.1,42.9,pvout:+0.39|dist_road:+0.35|population:+0.08|slope:-0.23
MY-00407,5.8537,117.41059,Sabah,Sabah,4,2,"GSM,LTE",False,10.86,osm,18.37,6.3,20.93,3.945,0.652,8479.0,22.3,2.605,22092.0,56653.0,2.56,1756,0,3422.0,21,5,10263.0,-6841.0,strong,0.3936,2.56,78.7,57.6,pvout:+0.25|dist_road:+0.34|population:+0.26|slope:-0.17
MY-00408,6.14589,99.944,Terengganu,Peninsular,5,1,GSM,False,8.09,osm,6.01,5.6,6.76,3.815,0.646,8395.0,22.08,1.485,12464.0,46734.0,3.75,691,0,14053.0,30,11,10648.0,3405.0,strong,0.4724,3.75,31.3,46.5,pvout:+0.12|dist_road:+0.10|population:+0.21|slope:-0.08
MY-00410,3.36563,109.98847,Sarawak,Sarawak,8,3,"GSM,UMTS",True,3.15,predicted,1.85,17.6,2.58,4.148,0.662,8611.0,22.65,1.154,9935.0,43804.0,4.41,282,0,2503.0,27,11,9457.0,-6954.0,thin,0.517,4.41,12.5,41.2,pvout:+0.17|dist_road:+0.15|population:-0.06|slope:+0.06
MY-00411,4.03176,111.93899,Sarawak,Sarawak,1,3,"GSM,LTE",False,16.35,predicted,21.85,7.4,25.44,3.733,0.642,8342.0,21.94,2.962,24709.0,59810.0,2.42,177,0,10343.0,27,5,9102.0,1242.0,thin,0.3668,2.42,8.1,35.5,pvout:+0.19|dist_road:+0.12|population:+0.16|slope:-0.03
MY-00412,6.20415,104.41066,Pahang,Peninsular,5,3,GSM,True,4.72,predicted,5.56,4.9,6.17,3.882,0.649,8438.0,22.19,1.438,12133.0,46318.0,3.82,12403,1,13019.0,26,8,11831.0,1188.0,thin,0.4791,3.82,558.9,66.1,pvout:+0.30|dist_road:+0.30|population:-0.15|slope:-0.25
MY-00413,6.36886,116.7802,Sabah,Sabah,2,3,"GSM,UMTS",False,15.28,osm,24.34,9.0,29.21,4.249,0.667,8677.0,22.82,3.26,28285.0,62446.0,2.21,595,0,,0,0,,,unknown,0.3654,2.21,26.1,46.6,pvout:+0.07|dist_road:+0.26|population:+0.27|slope:-0.13
MY-00414,5.78528,101.95122,Terengganu,Peninsular,7,2,LTE,False,9.88,osm,4.87,3.6,5.25,3.569,0.633,8235.0,21.66,1.366,11245.0,45678.0,4.06,5081,3,,0,0,,,unknown,0.4741,4.06,234.6,59.9,pvout:+0.32|dist_road:+0.27|population:+0.29|slope:-0.09
MY-00415,6.48666,104.00443,Kelantan,Peninsular,5,1,"GSM,LTE",False,7.38,predicted,0.78,4.1,0.86,4.441,0.677,8802.0,23.15,1.018,8957.0,42599.0,4.76,1502,1,15912.0,25,6,11369.0,4543.0,thin,0.5434,4.76,64.9,57.0,pvout:+0.11|dist_road:+0.28|population:+0.21|slope:-0.00
MY-00416,5.27396,101.98269,Terengganu,Peninsular,8,3,LTE,False,7.64,osm,7.9,0.0,7.9,3.498,0.63,8189.0,21.54,1.575,12898.0,47532.0,3.69,1669,1,19026.0,22,7,11383.0,7643.0,strong,0.4531,3.69,77.5,52.7,pvout:+0.35|dist_road:+0.16|population:+0.15|slope:-0.16
MY-00417,6.92049,118.62704,Sabah,Sabah,3,1,GSM,False,8.45,predicted,10.67,9.0,12.79,3.796,0.645,8383.0,22.05,1.962,16446.0,50956.0,3.1,582,0,,0,0,,,unknown,0.4327,3.1,26.4,44.7,pvout:+0.21|dist_road:+0.12|population:-0.12|slope:-0.24
MY-00418,5.37627,99.98959,Perak,Peninsular,2,1,"GSM,LTE",False,11.57,predicted,6.03,1.3,6.2,3.615,0.636,8265.0,21.74,1.44,11903.0,46339.0,3.89,6042,1,19672.0,30,7,11862.0,7810.0,thin,0.4691,3.89,278.0,61.3,pvout:+0.28|dist_road:+0.31|population:-0.04|slope:-0.10
MY-00420,2.06771,110.06561,Sarawak,Sarawak,2,2,"GSM,UMTS",False,16.9,predicted,28.8,7.1,33.37,3.749,0.642,8352.0,21.97,3.589,29977.0,65360.0,2.18,209,0,,0,0,,,unknown,0.3361,2.18,9.5,36.9,pvout:+0.05|dist_road:+0.17|population:-0.06|slope:-0.05
MY-00421,5.36547,103.64663,Terengganu,Peninsular,3,1,"GSM,LTE",True,3.22,predicted,2.37,5.8,2.68,3.75,0.642,8352.0,21.97,1.162,9702.0,43873.0,4.52,10122,5,3176.0,34,16,11852.0,-8676.0,thin,0.5007,4.52,460.8,63.7,pvout:+0.37|dist_road:+0.20|population:+0.14|slope:-0.00
MY-00422,3.89916,102.81128,Kedah,Peninsular,3,2,GSM,False,10.34,predicted,3.99,1.3,4.1,3.789,0.644,8378.0,22.03,1.274,10676.0,44871.0,4.2,1490,1,4248.0,29,6,11442.0,-7194.0,thin,0.491,4.2,67.6,53.9,pvout:+0.10|dist_road:+0.15|population:-0.14|slope:-0.10
MY-00423,3.77355,103.45243,Perak,Peninsular,2,3,"GSM,LTE",False,25.46,predicted,5.32,1.9,5.55,3.929,0.651,8469.0,22.27,1.389,11761.0,45884.0,3.9,1267,0,,0,0,,,unknown,0.4854,3.9,56.9,54.6,pvout:+0.36|dist_road:+0.19|population:+0.03|slope:-0.18
MY-00424,4.12898,111.12383,Sarawak,Sarawak,2,2,GSM,False,4.91,predicted,4.17,4.3,4.56,3.801,0.645,8386.0,22.06,1.311,10994.0,45195.0,4.11,35,0,,0,0,,,unknown,0.488,4.11,1.6,32.3,pvout:+0.16|dist_road:+0.33|population:-0.05|slope:+0.01
MY-00425,7.14902,118.23331,Sabah,Sabah,6,3,"GSM,LTE",False,15.87,osm,16.97,6.3,19.37,3.86,0.648,8424.0,22.16,2.482,20907.0,55558.0,2.66,1135,0,,0,0,,,unknown,0.3988,2.66,51.2,52.1,pvout:+0.06|dist_road:+0.09|population:-0.04|slope:+0.07
MY-00426,2.64918,101.75522,Pahang,Peninsular,7,2,LTE,False,9.66,predicted,9.84,2.2,10.32,2.9,0.6,7800.0,20.51,1.766,13779.0,49227.0,3.57,2210,1,7975.0,26,8,11184.0,-3209.0,thin,0.4167,3.57,107.7,52.3,pvout:+0.13|dist_road:+0.27|population:-0.12|slope:-0.04
MY-00427,4.08846,119.25263,Sabah,Sabah,4,2,GSM,False,13.99,predicted,9.59,8.2,11.33,3.917,0.651,8461.0,22.25,1.846,15620.0,49931.0,3.2,665,0,,0,0,,,unknown,0.4457,3.2,29.9,46.9,pvout:+0.26|dist_road:+0.24|population:-0.06|slope:-0.19
MY-00429,6.84308,118.67105,Sabah,Sabah,2,1,"GSM,LTE",False,11.91,predicted,10.74,4.9,11.92,4.212,0.666,8653.0,22.76,1.893,16375.0,50343.0,3.07,338,0,,0,0,,,unknown,0.452,3.07,14.9,42.9,pvout:+0.36|dist_road:+0.22|population:-0.09|slope:-0.11
MY-00430,4.26092,117.57663,Sabah,Sabah,6,3,"GSM,LTE",False,4.62,predicted,13.65,15.5,18.36,4.293,0.67,8705.0,22.89,2.402,20909.0,54850.0,2.62,415,0,,0,0,,,unknown,0.4174,2.62,18.1,45.3,pvout:+0.07|dist_road:+0.19|population:+0.01|slope:-0.20
MY-00431,4.66174,117.76974,Sabah,Sabah,7,2,GSM,False,16.46,predicted,11.18,4.5,12.3,3.844,0.647,8413.0,22.13,1.922,16174.0,50607.0,3.13,956,0,21509.0,30,13,10590.0,10919.0,thin,0.4372,3.13,43.2,49.9,pvout:+0.21|dist_road:+0.24|population:+0.26|slope:-0.00
MY-00433,4.01324,116.64849,Sabah,Sabah,4,2,LTE,False,19.69,osm,23.73,10.4,29.22,3.57,0.633,8235.0,21.66,3.261,26853.0,62452.0,2.33,477,0,,0,0,,,unknown,0.3468,2.33,22.0,42.1,pvout:+0.23|dist_road:+0.28|population:-0.06|slope:-0.02
MY-00435,2.7406,102.72911,Johor,Peninsular,8,2,"GSM,LTE",False,6.82,osm,4.47,9.3,5.39,3.728,0.641,8338.0,21.93,1.377,11479.0,45776.0,3.99,1846,0,5099.0,30,7,10772.0,-5673.0,strong,0.4791,3.99,84.2,55.8,pvout:+0.05|dist_road:+0.07|population:+0.11|slope:-0.18
MY-00436,4.447,101.36883,Terengganu,Peninsular,8,2,"GSM,UMTS",False,14.16,osm,3.87,2.9,4.12,3.545,0.632,8219.0,21.62,1.276,10486.0,44884.0,4.28,1206,0,6677.0,33,8,11220.0,-4543.0,strong,0.4816,4.28,55.8,48.5,pvout:+0.29|dist_road:+0.24|population:-0.17|slope:-0.11
MY-00437,4.70957,110.81197,Sarawak,Sarawak,2,3,LTE,False,10.53,predicted,3.25,8.5,3.86,3.844,0.647,8414.0,22.13,1.256,10564.0,44705.0,4.23,733,0,,0,0,,,unknown,0.495,4.23,33.1,46.8,pvout:+0.26|dist_road:+0.26|population:+0.21|slope:-0.13
MY-00438,4.92212,110.74908,Sarawak,Sarawak,4,3,GSM,False,24.35,osm,3.81,6.5,4.37,4.32,0.671,8723.0,22.94,1.295,11299.0,45056.0,3.99,154,0,,0,0,,,unknown,0.5092,3.99,6.7,41.2,pvout:+0.34|dist_road:+0.16|population:-0.20|slope:-0.04
MY-00439,1.07362,112.92712,Sarawak,Sarawak,8,3,GSM,False,19.55,predicted,22.65,13.5,29.43,3.954,0.653,8485.0,22.32,3.278,27814.0,62604.0,2.25,759,0,7060.0,22,4,9062.0,-2002.0,thin,0.3565,2.25,34.0,48.2,pvout:+0.13|dist_road:+0.09|population:-0.07|slope:+0.04
MY-00440,5.51387,117.98589,Sabah,Sabah,6,3,"GSM,LTE",False,5.41,osm,4.99,4.0,5.43,4.349,0.672,8742.0,22.99,1.379,12059.0,45801.0,3.8,128,1,15168.0,20,8,10215.0,4953.0,strong,0.502,3.8,5.6,41.4,pvout:+0.37|dist_road:+0.34|population:-0.05|slope:-0.09
MY-00442,2.72424,112.48839,Sarawak,Sarawak,8,3,"GSM,LTE",False,11.85,predicted,10.4,3.2,11.15,4.214,0.666,8654.0,22.76,1.832,15851.0,49802.0,3.14,79,0,,0,0,,,unknown,0.457,3.14,3.5,37.1,pvout:+0.33|dist_road:+0.15|population:-0.01|slope:-0.17
MY-00443,2.53805,102.9249,Terengganu,Peninsular,1,3,GSM,False,13.68,osm,10.23,8.3,12.11,3.704,0.64,8323.0,21.89,1.908,15876.0,50476.0,3.18,1677,0,4434.0,38,14,10516.0,-6082.0,strong,0.4337,3.18,76.6,55.5,pvout:+0.25|dist_road:+0.25|population:-0.04|slope:-0.24
MY-00444,5.64349,104.31082,Perak,Peninsular,5,2,GSM,False,6.06,osm,7.31,1.2,7.49,3.968,0.653,8494.0,22.34,1.543,13103.0,47245.0,3.61,9992,5,13563.0,34,7,11994.0,1568.0,strong,0.4728,3.61,447.3,67.4,pvout:+0.31|dist_road:+0.23|population:-0.09|slope:-0.14
MY-00445,3.14265,112.96654,Sarawak,Sarawak,5,1,"GSM,LTE",False,12.23,osm,8.99,8.7,10.72,3.965,0.653,8492.0,22.33,1.798,15266.0,49503.0,3.24,535,0,,0,0,,,unknown,0.4512,3.24,24.0,45.5,pvout:+0.38|dist_road:+0.24|population:+0.10|slope:-0.03
MY-00446,5.13682,118.35862,Sabah,Sabah,3,1,GSM,False,9.6,osm,25.74,5.5,28.88,4.098,0.66,8579.0,22.56,3.234,27743.0,62215.0,2.24,1145,0,14459.0,31,13,9767.0,4691.0,strong,0.3627,2.24,50.7,53.2,pvout:+0.38|dist_road:+0.15|population:-0.06|slope:-0.12
MY-00447,1.50165,111.78506,Sarawak,Sarawak,6,3,"GSM,LTE",False,10.65,predicted,7.34,10.3,9.01,3.975,0.654,8499.0,22.35,1.662,14128.0,48304.0,3.42,6325,2,,0,0,,,unknown,0.4627,3.42,283.0,66.2,pvout:+0.33|dist_road:+0.09|population:-0.10|slope:-0.17
MY-00448,5.87496,101.48038,Johor,Peninsular,1,3,"GSM,LTE",False,12.13,osm,8.03,3.8,8.7,3.678,0.639,8306.0,21.84,1.638,13606.0,48090.0,3.53,2993,0,14464.0,26,9,11260.0,3204.0,strong,0.4542,3.53,137.0,59.6,pvout:+0.27|dist_road:+0.24|population:-0.01|slope:-0.15
MY-00449,2.27877,114.39522,Sarawak,Sarawak,4,1,GSM,False,11.03,predicted,1.77,9.9,2.16,4.164,0.663,8622.0,22.67,1.121,9662.0,43511.0,4.5,279,0,,0,0,,,unknown,0.5211,4.5,12.3,40.8,pvout:+0.31|dist_road:+0.06|population:+0.17|slope:-0.18
MY-00451,4.56438,119.29274,Sabah,Sabah,4,2,LTE,False,7.05,predicted,10.34,1.2,10.62,3.725,0.641,8336.0,21.92,1.79,14921.0,49434.0,3.31,602,0,,0,0,,,unknown,0.4435,3.31,27.5,44.9,pvout:+0.37|dist_road:+0.17|population:+0.12|slope:-0.21
MY-00452,4.94935,110.40377,Sarawak,Sarawak,5,1,LTE,False,7.12,predicted,4.74,1.9,4.94,3.349,0.622,8092.0,21.28,1.341,10852.0,45461.0,4.19,319,0,13733.0,35,10,10759.0,2974.0,thin,0.4681,4.19,15.0,32.5,pvout:+0.14|dist_road:+0.26|population:+0.08|slope:+0.02
MY-00453,1.43904,103.59819,Perak,Peninsular,8,2,GSM,False,6.81,osm,4.35,0.9,4.44,4.05,0.657,8547.0,22.48,1.301,11120.0,45107.0,4.06,1143,0,21223.0,26,6,11353.0,9870.0,strong,0.4984,4.06,50.8,54.5,pvout:+0.25|dist_road:+0.22|population:+0.23|slope:-0.10
MY-00455,5.54706,103.23555,Kelantan,Peninsular,6,1,LTE,False,13.49,osm,3.52,1.7,3.65,3.861,0.648,8424.0,22.16,1.239,10434.0,44554.0,4.27,5575,0,,0,0,,,unknown,0.4973,4.27,251.6,63.2,pvout:+0.36|dist_road:+0.16|population:-0.04|slope:+0.02
MY-00456,5.53371,117.2191,Sabah,Sabah,3,3,"GSM,LTE",False,9.55,osm,18.99,3.4,20.41,4.067,0.658,8558.0,22.51,2.564,21946.0,56287.0,2.56,115,0,9270.0,30,8,9458.0,-189.0,strong,0.3999,2.56,5.1,36.0,pvout:+0.05|dist_road:+0.10|population:-0.16|slope:-0.07
MY-00457,0.96654,112.08468,Sarawak,Sarawak,8,3,GSM,False,15.93,predicted,8.75,5.6,9.84,3.763,0.643,8361.0,21.99,1.728,14449.0,48887.0,3.38,265,0,,0,0,,,unknown,0.4498,3.38,12.1,37.7,pvout:+0.27|dist_road:+0.05|population:-0.12|slope:-0.14
MY-00458,5.36806,115.45135,Sabah,Sabah,8,2,GSM,False,6.35,predicted,19.58,2.7,20.77,3.819,0.646,8398.0,22.09,2.593,21774.0,56541.0,2.6,378,0,,0,0,,,unknown,0.3906,2.6,17.1,40.7,pvout:+0.15|dist_road:+0.08|population:-0.11|slope:+0.05
MY-00459,2.75528,113.60062,Sarawak,Sarawak,7,1,"GSM,LTE",False,14.98,predicted,17.98,2.9,19.15,3.87,0.648,8430.0,22.17,2.465,20777.0,55405.0,2.67,1095,1,16995.0,25,12,10407.0,6588.0,thin,0.4002,2.67,49.4,51.4,pvout:+0.30|dist_road:+0.14|population:-0.07|slope:-0.22
MY-00460,4.35488,114.63577,Sarawak,Sarawak,7,1,LTE,False,9.87,predicted,13.45,4.7,14.85,4.341,0.672,8737.0,22.98,2.125,18563.0,52398.0,2.82,1887,1,5461.0,25,11,10704.0,-5243.0,thin,0.4385,2.82,82.1,60.9,pvout:+0.17|dist_road:+0.17|population:+0.25|slope:+0.01
MY-00462,6.61005,117.64302,Sabah,Sabah,7,2,LTE,False,12.27,predicted,15.36,3.9,16.7,3.529,0.631,8209.0,21.59,2.271,18642.0,53691.0,2.88,377,0,,0,0,,,unknown,0.4021,2.88,17.5,38.3,pvout:+0.22|dist_road:+0.09|population:+0.13|slope:+0.08
MY-00464,2.228,111.74352,Sarawak,Sarawak,6,1,"GSM,LTE",True,3.87,predicted,32.56,6.0,36.88,3.942,0.652,8477.0,22.29,3.867,32781.0,67819.0,2.07,1084,0,,0,0,,,unknown,0.3287,2.07,48.6,51.9,pvout:+0.08|dist_road:+0.30|population:-0.11|slope:-0.00
MY-00465,2.86717,112.89292,Sarawak,Sarawak,6,2,GSM,False,17.46,osm,22.45,2.4,23.68,3.561,0.633,8230.0,21.64,2.823,23229.0,58574.0,2.52,304,0,,0,0,,,unknown,0.3695,2.52,14.0,37.1,pvout:+0.11|dist_road:+0.23|population:-0.08|slope:-0.06
MY-00466,4.90999,110.00101,Sarawak,Sarawak,4,3,GSM,False,12.7,osm,22.78,4.2,24.93,3.431,0.627,8145.0,21.42,2.921,23796.0,59449.0,2.5,522,0,11712.0,30,11,9744.0,1968.0,strong,0.3603,2.5,24.4,41.2,pvout:+0.26|dist_road:+0.24|population:+0.14|slope:-0.23
MY-00467,7.03664,115.688,Sabah,Sabah,8,1,GSM,False,8.8,predicted,41.8,3.1,44.71,4.091,0.66,8574.0,22.55,4.486,38459.0,73294.0,1.91,397,1,7174.0,35,8,8694.0,-1520.0,thin,0.3077,1.91,17.6,41.9,pvout:+0.30|dist_road:+0.10|population:+0.14|slope:-0.21
MY-00468,5.42655,103.27698,Pahang,Peninsular,6,3,LTE,False,3.76,osm,6.55,5.3,7.31,4.105,0.66,8583.0,22.57,1.528,13118.0,47119.0,3.59,145,0,,0,0,,,unknown,0.4791,3.59,6.4,39.0,pvout:+0.22|dist_road:+0.17|population:+0.28|slope:-0.03
MY-00470,2.00166,100.32954,Pahang,Peninsular,6,2,"GSM,LTE",False,4.57,osm,7.11,1.4,7.34,3.988,0.654,8507.0,22.37,1.53,13019.0,47137.0,3.62,1665,2,7183.0,36,15,11299.0,-4115.0,strong,0.4747,3.62,74.4,58.7,pvout:+0.08|dist_road:+0.26|population:-0.10|slope:-0.15
MY-00471,1.43678,110.001,Sarawak,Sarawak,1,1,"GSM,LTE",False,22.29,predicted,4.92,5.2,5.49,3.956,0.653,8487.0,22.32,1.384,11748.0,45844.0,3.9,2145,1,,0,0,,,unknown,0.4869,3.9,96.1,60.6,pvout:+0.18|dist_road:+0.28|population:+0.27|slope:+0.07
MY-00472,3.42833,100.6532,Kelantan,Peninsular,8,1,"GSM,UMTS",False,4.42,osm,3.67,4.2,4.01,4.081,0.659,8567.0,22.53,1.267,10859.0,44810.0,4.13,2009,0,,0,0,,,unknown,0.5028,4.13,89.2,60.9,pvout:+0.11|dist_road:+0.07|population:+0.21|slope:-0.15
MY-00473,6.59277,102.70876,Johor,Peninsular,5,3,"GSM,LTE",False,6.68,predicted,3.48,3.5,3.75,4.081,0.659,8568.0,22.53,1.247,10681.0,44626.0,4.18,569,0,17421.0,32,8,10906.0,6515.0,thin,0.5049,4.18,25.3,47.2,pvout:+0.25|dist_road:+0.34|population:-0.11|slope:-0.12
MY-00474,2.40147,103.2869,Johor,Peninsular,8,2,GSM,True,4.58,osm,6.94,3.8,7.52,3.118,0.611,7942.0,20.89,1.545,12270.0,47266.0,3.85,1543,0,400.0,34,8,11070.0,-10670.0,strong,0.4419,3.85,73.9,47.9,pvout:+0.35|dist_road:+0.24|population:+0.27|slope:-0.03
MY-00476,3.59856,101.00842,Pahang,Peninsular,2,2,"GSM,LTE",False,9.05,osm,5.41,8.1,6.38,4.055,0.658,8551.0,22.49,1.455,12441.0,46469.0,3.74,595,0,5666.0,26,6,10405.0,-4740.0,strong,0.484,3.74,26.5,47.7,pvout:+0.16|dist_road:+0.29|population:+0.18|slope:+0.08
MY-00477,1.11206,113.82171,Sarawak,Sarawak,8,1,LTE,False,15.25,osm,23.79,3.3,25.56,3.777,0.644,8370.0,22.01,2.971,24869.0,59890.0,2.41,1136,0,,0,0,,,unknown,0.3676,2.41,51.6,52.1,pvout:+0.22|dist_road:+0.20|population:-0.04|slope:-0.16
MY-00478,4.77621,111.27075,Sarawak,Sarawak,6,3,"GSM,LTE",False,9.9,predicted,21.77,3.3,23.35,3.911,0.651,8457.0,22.24,2.797,23651.0,58345.0,2.47,469,0,,0,0,,,unknown,0.3812,2.47,21.1,42.9,pvout:+0.40|dist_road:+0.34|population:+0.06|slope:+0.08
MY-00479,4.62228,100.23148,Kedah,Peninsular,6,2,LTE,False,6.82,osm,4.51,0.8,4.6,4.125,0.661,8596.0,22.61,1.314,11294.0,45220.0,4.0,5026,0,22272.0,20,8,11914.0,10358.0,strong,0.5,4.0,222.3,66.6,pvout:+0.17|dist_road:+0.30|population:+0.12|slope:+0.00
MY-00480,6.25108,104.28902,Johor,Peninsular,4,1,"GSM,UMTS",False,4.02,osm,2.99,2.4,3.15,3.924,0.651,8466.0,22.27,1.199,10152.0,44206.0,4.35,279,0,11406.0,33,10,10758.0,648.0,strong,0.5037,4.35,12.5,39.1,pvout:+0.30|dist_road:+0.24|population:+0.23|slope:-0.11
MY-00481,6.50027,100.44123,Kelantan,Peninsular,5,3,GSM,False,6.95,osm,8.41,6.0,9.53,4.352,0.673,8744.0,23.0,1.704,14898.0,48672.0,3.27,1567,0,7109.0,22,9,10791.0,-3682.0,strong,0.4725,3.27,68.1,61.8,pvout:+0.35|dist_road:+0.11|population:-0.10|slope:+0.00
MY-00482,1.98982,113.79772,Sarawak,Sarawak,5,1,"GSM,UMTS",False,9.68,predicted,20.97,6.9,24.19,4.238,0.667,8670.0,22.8,2.863,24820.0,58930.0,2.37,374,0,,0,0,,,unknown,0.3869,2.37,16.4,43.5,pvout:+0.31|dist_road:+0.32|population:-0.06|slope:-0.23
MY-00483,1.76213,100.6488,Terengganu,Peninsular,2,3,"LTE,NR",False,5.88,predicted,0.3,2.6,0.32,3.864,0.648,8427.0,22.16,0.975,8217.0,42222.0,5.14,5197,1,12469.0,40,18,12003.0,466.0,thin,0.5249,5.14,234.5,63.4,pvout:+0.23|dist_road:+0.31|population:+0.29|slope:+0.05
MY-00484,2.11759,101.09838,Perak,Peninsular,5,1,GSM,False,8.49,predicted,4.06,4.7,4.49,3.841,0.647,8411.0,22.12,1.305,10975.0,45140.0,4.11,3915,3,12420.0,30,8,11496.0,924.0,thin,0.4901,4.11,177.0,62.0,pvout:+0.22|dist_road:+0.31|population:-0.09|slope:+0.07
MY-00485,5.51184,102.24108,Johor,Peninsular,5,1,GSM,False,7.93,predicted,5.5,5.9,6.22,3.045,0.607,7894.0,20.76,1.442,11383.0,46354.0,4.07,3798,0,13578.0,30,6,11297.0,2282.0,thin,0.4479,4.07,182.9,52.2,pvout:+0.25|dist_road:+0.17|population:+0.09|slope:+0.02
MY-00486,2.96666,109.98511,Sarawak,Sarawak,3,1,LTE,False,16.34,predicted,21.01,9.9,25.64,3.802,0.645,8386.0,22.06,2.977,24970.0,59945.0,2.4,2811,2,,0,0,,,unknown,0.3679,2.4,127.4,60.5,pvout:+0.13|dist_road:+0.08|population:+0.17|slope:+0.08
MY-00487,2.80729,103.93756,Kedah,Peninsular,3,2,LTE,True,3.33,osm,7.73,0.4,7.8,3.494,0.63,8186.0,21.53,1.567,12829.0,47463.0,3.7,1382,1,4123.0,33,8,11285.0,-7161.0,strong,0.4536,3.7,64.2,50.8,pvout:+0.27|dist_road:+0.09|population:+0.12|slope:-0.21
MY-00488,1.27188,114.60278,Sarawak,Sarawak,7,2,GSM,True,4.93,predicted,16.56,9.5,20.04,3.966,0.653,8493.0,22.34,2.535,21532.0,56031.0,2.6,2287,2,8406.0,29,9,10175.0,-1769.0,thin,0.3987,2.6,102.4,60.5,pvout:+0.16|dist_road:+0.06|population:+0.04|slope:-0.14
MY-00489,2.63699,114.44608,Sarawak,Sarawak,6,1,LTE,True,4.14,predicted,19.27,7.7,22.58,3.946,0.652,8480.0,22.3,2.736,23197.0,57804.0,2.49,211,2,,0,0,,,unknown,0.3858,2.49,9.5,37.2,pvout:+0.08|dist_road:+0.14|population:+0.12|slope:-0.15
MY-00490,4.71343,110.11579,Sarawak,Sarawak,4,1,"GSM,LTE",False,18.18,predicted,14.58,2.8,15.49,4.109,0.66,8586.0,22.58,2.175,18673.0,52842.0,2.83,204,0,6485.0,23,10,9968.0,-3483.0,thin,0.4273,2.83,9.0,38.6,pvout:+0.10|dist_road:+0.21|population:+0.18|slope:+0.04
MY-00492,4.88165,109.92648,Sarawak,Sarawak,2,2,"GSM,LTE",False,18.45,predicted,11.65,12.1,14.77,3.892,0.65,8445.0,22.21,2.118,17888.0,52340.0,2.93,133,0,,0,0,,,unknown,0.4243,2.93,6.0,35.1,pvout:+0.22|dist_road:+0.26|population:+0.22|slope:-0.01
MY-00494,6.21873,116.20354,Sabah,Sabah,5,1,GSM,False,10.33,predicted,13.69,10.4,16.85,3.97,0.653,8495.0,22.34,2.283,19392.0,53796.0,2.77,666,0,,0,0,,,unknown,0.4153,2.77,29.8,47.2,pvout:+0.23|dist_road:+0.07|population:-0.05|slope:-0.14
MY-00497,2.96864,110.96128,Sarawak,Sarawak,5,1,"GSM,LTE",False,15.3,predicted,14.51,5.4,16.26,3.788,0.644,8377.0,22.03,2.236,18732.0,53383.0,2.85,636,0,16574.0,20,5,10166.0,6409.0,thin,0.4127,2.85,28.9,45.5,pvout:+0.19|dist_road:+0.34|population:-0.10|slope:-0.06
MY-00498,1.98159,100.54087,Kelantan,Peninsular,8,1,"GSM,LTE",False,6.35,osm,4.16,3.4,4.47,4.078,0.659,8565.0,22.53,1.304,11166.0,45130.0,4.04,3325,0,21062.0,23,5,11546.0,9516.0,strong,0.4992,4.04,147.6,64.4,pvout:+0.40|dist_road:+0.24|population:-0.10|slope:+0.09
MY-00499,4.42408,112.77999,Sarawak,Sarawak,4,3,"GSM,LTE",False,14.49,predicted,11.78,4.4,12.92,3.616,0.636,8265.0,21.74,1.972,16299.0,51046.0,3.13,310,0,,0,0,,,unknown,0.4258,3.13,14.3,37.8,pvout:+0.17|dist_road:+0.06|population:+0.02|slope:-0.17
MY-00500,2.73783,112.07222,Sarawak,Sarawak,8,3,LTE,False,11.62,osm,18.39,7.2,21.34,3.811,0.646,8392.0,22.07,2.638,22136.0,56939.0,2.57,297,0,,0,0,,,unknown,0.3876,2.57,13.5,38.7,pvout:+0.34|dist_road:+0.12|population:+0.21|slope:-0.24
MY-00501,4.423,116.548,Sabah,Sabah,7,3,"GSM,LTE",False,6.49,predicted,4.29,5.0,4.77,3.852,0.648,8419.0,22.14,1.327,11171.0,45337.0,4.06,967,2,13307.0,35,10,10926.0,2381.0,thin,0.4884,4.06,43.7,50.2,pvout:+0.38|dist_road:+0.06|population:+0.27|slope:-0.22
MY-00502,5.00433,118.19722,Sabah,Sabah,6,2,"GSM,LTE",False,16.98,osm,0.65,22.3,0.98,3.766,0.643,8363.0,21.99,1.027,8590.0,42683.0,4.97,584,0,,0,0,,,unknown,0.5153,4.97,26.6,44.7,pvout:+0.36|dist_road:+0.30|population:+0.10|slope:-0.24
MY-00503,2.0459,114.21405,Sarawak,Sarawak,8,3,GSM,False,4.42,osm,10.87,4.1,11.86,4.143,0.662,8608.0,22.64,1.888,16254.0,50304.0,3.09,400,0,16939.0,21,8,10309.0,6630.0,strong,0.4501,3.09,17.7,43.8,pvout:+0.27|dist_road:+0.24|population:+0.08|slope:-0.03
MY-00504,4.40745,112.43561,Sarawak,Sarawak,4,3,"LTE,NR",False,13.43,osm,20.88,2.9,22.21,4.092,0.66,8575.0,22.55,2.707,23212.0,57550.0,2.48,554,0,11622.0,17,8,9994.0,1628.0,strong,0.3919,2.48,24.6,46.2,pvout:+0.39|dist_road:+0.35|population:+0.06|slope:-0.22
MY-00505,7.10528,115.95361,Sabah,Sabah,7,3,"GSM,LTE",False,22.34,predicted,29.19,10.0,35.7,4.25,0.667,8677.0,22.82,3.773,32743.0,66989.0,2.05,2964,1,,0,0,,,unknown,0.3407,2.05,129.9,62.3,pvout:+0.10|dist_road:+0.27|population:+0.29|slope:-0.10
MY-00506,5.72915,101.41688,Perak,Peninsular,2,2,"GSM,UMTS",False,13.08,osm,7.35,2.3,7.72,3.801,0.645,8385.0,22.05,1.56,13085.0,47403.0,3.62,1283,1,13502.0,23,5,11111.0,2391.0,strong,0.4652,3.62,58.2,53.4,pvout:+0.08|dist_road:+0.16|population:-0.01|slope:+0.10
MY-00507,4.3017,115.87959,Sabah,Sabah,3,2,"GSM,LTE",False,13.73,predicted,0.79,5.2,0.88,4.261,0.668,8684.0,22.84,1.019,8852.0,42614.0,4.81,375,0,13456.0,30,11,10740.0,2716.0,thin,0.536,4.81,16.4,42.0,pvout:+0.29|dist_road:+0.09|population:-0.03|slope:-0.23
MY-00508,2.49855,112.50383,Sarawak,Sarawak,5,3,"GSM,UMTS",False,8.89,predicted,11.91,4.9,13.2,3.491,0.63,8184.0,21.52,1.994,16319.0,51240.0,3.14,109,1,4916.0,30,6,9692.0,-4776.0,thin,0.4201,3.14,5.1,31.8,pvout:+0.28|dist_road:+0.25|population:-0.17|slope:-0.13
MY-00511,5.38331,115.38435,Sabah,Sabah,8,1,GSM,False,14.81,osm,18.85,10.4,23.2,3.903,0.65,8452.0,22.23,2.785,23540.0,58243.0,2.47,1388,2,,0,0,,,unknown,0.3816,2.47,62.4,54.6,pvout:+0.37|dist_road:+0.30|population:+0.09|slope:-0.08
MY-00513,4.00398,101.18,Kedah,Peninsular,8,2,LTE,False,8.3,osm,5.19,8.8,6.21,3.719,0.641,8333.0,21.91,1.441,12011.0,46350.0,3.86,5196,3,8968.0,30,12,11170.0,-2203.0,strong,0.4728,3.86,237.1,62.2,pvout:+0.40|dist_road:+0.27|population:+0.28|slope:-0.22
MY-00514,4.96805,100.31093,Kelantan,Peninsular,1,3,"GSM,LTE",False,17.93,osm,6.26,3.2,6.71,3.757,0.643,8357.0,21.98,1.481,12373.0,46696.0,3.77,4151,1,10160.0,27,10,11532.0,-1372.0,strong,0.4707,3.77,188.9,61.6,pvout:+0.12|dist_road:+0.06|population:+0.23|slope:-0.01
MY-00516,6.55862,103.08414,Terengganu,Peninsular,7,1,"GSM,UMTS",False,6.41,predicted,2.58,3.2,2.77,4.072,0.659,8562.0,22.52,1.169,10009.0,43938.0,4.39,5347,2,14718.0,39,11,11828.0,2890.0,thin,0.5125,4.39,237.5,65.7,pvout:+0.11|dist_road:+0.34|population:+0.28|slope:-0.17
MY-00518,6.59699,100.03567,Terengganu,Peninsular,8,3,LTE,False,8.44,predicted,3.11,6.4,3.55,3.74,0.642,8346.0,21.95,1.231,10274.0,44487.0,4.33,1686,1,9742.0,30,12,11078.0,-1336.0,thin,0.4934,4.33,76.8,54.6,pvout:+0.28|dist_road:+0.25|population:-0.20|slope:-0.01
MY-00519,7.20452,118.78028,Sabah,Sabah,4,1,"GSM,LTE",False,10.58,predicted,8.41,2.3,8.84,3.496,0.63,8188.0,21.53,1.649,13505.0,48191.0,3.57,159,0,5497.0,29,7,10256.0,-4759.0,thin,0.4468,3.57,7.4,32.3,pvout:+0.13|dist_road:+0.32|population:+0.22|slope:+0.07
MY-00520,7.23226,118.04337,Sabah,Sabah,5,1,LTE,False,17.14,predicted,9.28,1.3,9.55,3.728,0.641,8339.0,21.93,1.705,14219.0,48685.0,3.42,1168,1,15617.0,35,13,11056.0,4561.0,thin,0.4505,3.42,53.3,52.1,pvout:+0.32|dist_road:+0.10|population:-0.02|slope:-0.00
MY-00522,1.89504,103.45461,Kedah,Peninsular,6,3,"GSM,UMTS",False,8.81,osm,5.5,9.1,6.61,3.927,0.651,8468.0,22.27,1.473,12469.0,46625.0,3.74,9604,1,,0,0,,,unknown,0.4776,3.74,431.3,66.3,pvout:+0.16|dist_road:+0.26|population:-0.03|slope:-0.19
MY-00523,4.90376,110.47075,Sarawak,Sarawak,8,3,GSM,False,9.89,osm,13.5,9.0,16.21,3.678,0.639,8306.0,21.84,2.232,18539.0,53347.0,2.88,2167,0,,0,0,,,unknown,0.4095,2.88,99.2,57.7,pvout:+0.23|dist_road:+0.26|population:+0.06|slope:-0.03
MY-00527,6.26915,115.316,Sabah,Sabah,8,1,GSM,False,24.93,predicted,18.37,12.9,23.65,4.321,0.671,8724.0,22.94,2.821,24607.0,58558.0,2.38,150,1,,0,0,,,unknown,0.3918,2.38,6.5,38.8,pvout:+0.20|dist_road:+0.28|population:+0.12|slope:-0.05
MY-00528,5.55294,117.49056,Sabah,Sabah,5,2,"GSM,LTE",False,10.33,osm,2.46,7.2,2.86,3.917,0.651,8461.0,22.25,1.176,9948.0,43999.0,4.42,819,0,14180.0,24,6,10770.0,3410.0,strong,0.5057,4.42,36.8,49.0,pvout:+0.20|dist_road:+0.21|population:-0.17|slope:-0.02
MY-00529,3.0553,101.85156,Perak,Peninsular,2,1,"GSM,UMTS",False,7.51,osm,5.09,0.6,5.16,3.45,0.628,8158.0,21.45,1.358,11078.0,45611.0,4.12,1149,0,13461.0,30,11,11344.0,2117.0,strong,0.4704,4.12,53.6,47.3,pvout:+0.12|dist_road:+0.31|population:+0.21|slope:-0.07
MY-00530,1.66458,114.41808,Sarawak,Sarawak,3,1,LTE,False,7.24,predicted,11.45,5.7,12.91,4.587,0.684,8896.0,23.4,1.971,17533.0,51035.0,2.91,743,0,,0,0,,,unknown,0.4585,2.91,31.8,53.3,pvout:+0.35|dist_road:+0.25|population:-0.13|slope:+0.01
MY-00531,2.13574,109.90015,Sarawak,Sarawak,4,3,"GSM,LTE",True,3.64,predicted,16.73,8.6,19.93,4.016,0.656,8526.0,22.42,2.526,21536.0,55950.0,2.6,635,0,16059.0,25,8,9758.0,6301.0,thin,0.4008,2.6,28.3,46.9,pvout:+0.40|dist_road:+0.06|population:-0.08|slope:-0.04
MY-00533,1.02739,112.37036,Sarawak,Sarawak,8,1,GSM,False,18.71,predicted,11.7,2.6,12.38,4.187,0.664,8636.0,22.71,1.929,16663.0,50668.0,3.04,546,0,13424.0,30,8,10517.0,2908.0,thin,0.4483,3.04,24.0,46.8,pvout:+0.20|dist_road:+0.24|population:+0.09|slope:+0.03
MY-00535,1.66738,101.43189,Johor,Peninsular,6,2,"GSM,LTE",True,3.09,osm,0.57,2.0,0.59,4.293,0.67,8706.0,22.9,0.997,8679.0,42416.0,4.89,131,0,8110.0,27,11,10644.0,-2535.0,strong,0.5398,4.89,5.7,36.2,pvout:+0.07|dist_road:+0.18|population:+0.23|slope:-0.12
MY-00536,2.50653,114.74074,Sarawak,Sarawak,8,1,LTE,False,12.09,predicted,8.75,7.7,10.23,3.701,0.64,8321.0,21.88,1.759,14639.0,49163.0,3.36,727,1,14630.0,22,5,10334.0,4295.0,thin,0.4451,3.36,33.2,46.7,pvout:+0.23|dist_road:+0.06|population:-0.09|slope:-0.09
MY-00537,4.89578,100.54651,Kelantan,Peninsular,4,2,"GSM,UMTS",False,6.49,osm,4.98,2.8,5.28,3.996,0.655,8512.0,22.39,1.368,11644.0,45699.0,3.92,6650,1,8407.0,32,13,11819.0,-3412.0,strong,0.4899,3.92,297.0,66.2,pvout:+0.19|dist_road:+0.26|population:+0.11|slope:+0.06
MY-00538,3.23736,101.94393,Terengganu,Peninsular,5,2,"GSM,LTE",False,14.5,osm,3.18,1.9,3.31,3.544,0.632,8219.0,21.62,1.212,9961.0,44318.0,4.45,12965,2,4603.0,34,13,12250.0,-7646.0,strong,0.4877,4.45,599.8,61.4,pvout:+0.35|dist_road:+0.12|population:-0.19|slope:+0.05
MY-00539,6.56177,116.35839,Sabah,Sabah,5,3,GSM,False,13.48,predicted,19.63,19.5,28.14,4.1,0.66,8580.0,22.57,3.176,27248.0,61701.0,2.26,1251,1,,0,0,,,unknown,0.3657,2.26,55.4,54.6,pvout:+0.17|dist_road:+0.15|population:-0.12|slope:-0.01
MY-00540,4.10738,117.64658,Sabah,Sabah,7,2,LTE,False,15.51,predicted,11.49,3.5,12.39,3.893,0.65,8446.0,22.21,1.93,16296.0,50670.0,3.11,3245,1,,0,0,,,unknown,0.4384,3.11,146.1,61.7,pvout:+0.15|dist_road:+0.10|population:+0.05|slope:+0.01
MY-00541,1.72075,113.45824,Sarawak,Sarawak,1,3,"LTE,NR",False,16.03,osm,5.31,6.0,6.02,3.984,0.654,8505.0,22.37,1.426,12128.0,46214.0,3.81,712,0,,0,0,,,unknown,0.484,3.81,31.8,48.8,pvout:+0.14|dist_road:+0.27|population:+0.03|slope:-0.11
MY-00543,6.08828,118.98558,Sabah,Sabah,5,1,GSM,True,4.26,predicted,16.03,6.5,18.34,3.825,0.646,8401.0,22.09,2.4,20165.0,54836.0,2.72,1021,0,16028.0,24,11,10169.0,5859.0,thin,0.4029,2.72,46.2,50.1,pvout:+0.18|dist_road:+0.09|population:-0.03|slope:+0.06
MY-00544,5.49481,101.58189,Kedah,Peninsular,1,2,"GSM,LTE",False,4.59,osm,5.97,9.3,7.21,3.64,0.637,8281.0,21.78,1.52,12587.0,47046.0,3.74,1991,1,17289.0,16,6,10722.0,6567.0,strong,0.4629,3.74,91.4,56.1,pvout:+0.09|dist_road:+0.34|population:-0.15|slope:-0.12
MY-00545,5.72702,100.85645,Kelantan,Peninsular,7,3,"LTE,NR",False,6.33,osm,10.64,4.3,11.65,4.137,0.662,8604.0,22.63,1.872,16104.0,50157.0,3.11,913,0,13370.0,22,8,10618.0,2752.0,strong,0.4512,3.11,40.3,51.8,pvout:+0.26|dist_road:+0.30|population:-0.13|slope:-0.20
MY-00546,5.6704,103.30855,Kelantan,Peninsular,6,1,GSM,False,8.57,osm,2.99,1.9,3.12,4.347,0.672,8740.0,22.99,1.197,10461.0,44185.0,4.22,1193,1,17836.0,25,10,11355.0,6481.0,strong,0.5203,4.22,51.9,57.2,pvout:+0.27|dist_road:+0.14|population:+0.12|slope:+0.04
MY-00547,3.56666,101.20646,Terengganu,Peninsular,1,3,"GSM,LTE",False,5.03,predicted,4.78,7.4,5.57,3.733,0.642,8341.0,21.94,1.39,11599.0,45899.0,3.96,657,0,,0,0,,,unknown,0.478,3.96,29.9,44.8,pvout:+0.08|dist_road:+0.30|population:-0.18|slope:+0.06
MY-00548,3.68814,113.57424,Sarawak,Sarawak,1,2,LTE,False,11.56,osm,17.84,9.7,21.67,4.066,0.658,8558.0,22.51,2.664,22800.0,57172.0,2.51,1020,0,21398.0,29,11,9780.0,11618.0,strong,0.3937,2.51,45.3,52.0,pvout:+0.39|dist_road:+0.25|population:+0.29|slope:+0.04
MY-00549,3.07204,101.00946,Kelantan,Peninsular,2,3,LTE,False,15.15,osm,4.93,2.0,5.14,4.03,0.656,8534.0,22.45,1.357,11579.0,45600.0,3.94,2021,0,15326.0,19,8,11446.0,3880.0,strong,0.4922,3.94,90.0,60.8,pvout:+0.07|dist_road:+0.05|population:-0.19|slope:-0.09
MY-00550,1.64342,111.12724,Sarawak,Sarawak,6,3,"GSM,LTE",False,25.39,predicted,9.49,13.4,12.32,3.902,0.65,8452.0,22.23,1.924,16262.0,50622.0,3.11,419,0,4886.0,31,7,9569.0,-4683.0,thin,0.4391,3.11,18.9,42.3,pvout:+0.27|dist_road:+0.19|population:+0.14|slope:-0.09
MY-00551,5.29387,100.32827,Kedah,Peninsular,5,2,"GSM,LTE",False,3.26,osm,0.35,0.8,0.36,3.442,0.627,8152.0,21.44,0.978,7976.0,42251.0,5.3,1133,0,11942.0,28,13,11580.0,362.0,strong,0.5075,5.3,52.8,49.8,pvout:+0.06|dist_road:+0.12|population:+0.30|slope:-0.13
MY-00552,5.56723,101.80634,Kedah,Peninsular,4,2,LTE,False,17.36,predicted,3.47,1.1,3.55,3.51,0.63,8196.0,21.56,1.231,10087.0,44484.0,4.41,3311,0,11001.0,24,11,11794.0,-793.0,thin,0.4846,4.41,153.6,56.8,pvout:+0.16|dist_road:+0.10|population:+0.29|slope:-0.17
MY-00555,6.04376,101.47251,Kelantan,Peninsular,3,3,"GSM,LTE",False,12.42,predicted,2.61,6.4,2.98,4.322,0.671,8725.0,22.95,1.186,10346.0,44088.0,4.26,551,0,,0,0,,,unknown,0.5205,4.26,24.0,48.6,pvout:+0.28|dist_road:+0.06|population:-0.17|slope:+0.00
MY-00556,2.14833,100.83279,Terengganu,Peninsular,1,1,"GSM,LTE",False,5.53,osm,1.86,3.3,1.99,4.01,0.656,8522.0,22.41,1.108,9439.0,43396.0,4.6,5190,1,4649.0,27,10,11855.0,-7206.0,strong,0.5165,4.6,231.6,64.7,pvout:+0.27|dist_road:+0.25|population:-0.08|slope:+0.09
MY-00557,3.66673,112.02773,Sarawak,Sarawak,1,2,LTE,True,3.29,predicted,19.25,1.2,19.79,3.891,0.65,8444.0,22.21,2.515,21236.0,55851.0,2.63,152,0,,0,0,,,unknown,0.3976,2.63,6.8,35.6,pvout:+0.25|dist_road:+0.34|population:-0.12|slope:-0.11
MY-00558,1.98025,111.72617,Sarawak,Sarawak,6,2,"GSM,LTE",True,3.49,predicted,19.41,5.5,21.77,3.243,0.617,8023.0,21.1,2.672,21437.0,57241.0,2.67,1040,1,,0,0,,,unknown,0.3686,2.67,49.3,46.9,pvout:+0.17|dist_road:+0.28|population:+0.17|slope:-0.08
MY-00560,5.97116,103.36315,Pahang,Peninsular,2,1,GSM,False,8.44,predicted,4.22,1.5,4.36,3.899,0.65,8450.0,22.22,1.295,10941.0,45052.0,4.12,10089,3,7656.0,33,15,12136.0,-4480.0,thin,0.4933,4.12,454.0,65.7,pvout:+0.06|dist_road:+0.10|population:-0.17|slope:+0.05
MY-00561,1.8997,104.16402,Kelantan,Peninsular,2,1,LTE,False,7.98,osm,0.57,2.2,0.6,4.491,0.68,8834.0,23.23,0.998,8814.0,42422.0,4.81,4179,0,400.0,28,7,11940.0,-11540.0,strong,0.5477,4.81,179.9,64.3,pvout:+0.15|dist_road:+0.09|population:-0.02|slope:-0.22
MY-00562,6.26458,117.9845,Sabah,Sabah,4,1,"GSM,LTE",False,23.68,predicted,9.55,20.1,13.82,3.69,0.64,8314.0,21.87,2.043,16988.0,51677.0,3.04,1222,1,,0,0,,,unknown,0.4231,3.04,55.9,52.4,pvout:+0.39|dist_road:+0.14|population:+0.27|slope:-0.01
MY-00563,2.33033,112.28092,Sarawak,Sarawak,6,1,GSM,False,6.2,predicted,17.59,4.7,19.43,4.159,0.663,8618.0,22.67,2.486,21429.0,55599.0,2.59,5721,1,9995.0,32,7,10897.0,-903.0,thin,0.4077,2.59,252.4,66.4,pvout:+0.25|dist_road:+0.19|population:+0.14|slope:-0.01
MY-00564,3.83868,111.49601,Sarawak,Sarawak,5,1,LTE,False,12.53,predicted,21.42,1.4,22.07,3.756,0.643,8356.0,21.98,2.696,22526.0,57450.0,2.55,58,1,,0,0,,,unknown,0.3825,2.55,2.6,32.6,pvout:+0.05|dist_road:+0.32|population:-0.02|slope:-0.13
MY-00566,2.38133,111.05495,Sarawak,Sarawak,1,2,LTE,False,8.65,predicted,23.47,1.2,24.07,4.264,0.668,8687.0,22.85,2.853,24787.0,58847.0,2.37,1405,1,17602.0,35,9,10360.0,7242.0,thin,0.3882,2.37,61.5,57.6,pvout:+0.19|dist_road:+0.26|population:-0.01|slope:-0.12
MY-00568,4.17597,102.78639,Perak,Peninsular,7,1,"LTE,NR",False,6.25,osm,1.26,1.3,1.29,3.693,0.64,8315.0,21.87,1.052,8751.0,42906.0,4.9,6903,1,17508.0,24,7,12171.0,5337.0,strong,0.5097,4.9,315.6,63.4,pvout:+0.07|dist_road:+0.17|population:-0.13|slope:+0.05
MY-00569,4.39575,111.71727,Sarawak,Sarawak,5,2,LTE,False,18.12,osm,20.39,2.6,21.55,4.325,0.671,8727.0,22.95,2.654,23162.0,57084.0,2.46,578,0,,0,0,,,unknown,0.4021,2.46,25.2,48.2,pvout:+0.17|dist_road:+0.34|population:+0.14|slope:+0.01
MY-00570,1.7511,103.86243,Perak,Peninsular,7,3,GSM,False,9.94,osm,10.01,10.7,12.39,3.914,0.651,8459.0,22.25,1.93,16324.0,50672.0,3.1,2279,0,,0,0,,,unknown,0.439,3.1,102.4,60.2,pvout:+0.38|dist_road:+0.12|population:+0.08|slope:-0.24
MY-00571,5.19416,115.42162,Sabah,Sabah,6,3,"LTE,NR",True,5.1,predicted,18.44,1.9,19.22,4.227,0.666,8663.0,22.78,2.47,21394.0,55451.0,2.59,457,0,,0,0,,,unknown,0.4109,2.59,20.1,45.4,pvout:+0.09|dist_road:+0.16|population:+0.14|slope:+0.04
MY-00572,3.245,110.46966,Sarawak,Sarawak,8,3,"GSM,LTE",False,17.99,predicted,13.64,1.6,14.11,3.694,0.64,8316.0,21.87,2.066,17181.0,51877.0,3.02,356,0,,0,0,,,unknown,0.4216,3.02,16.3,39.3,pvout:+0.14|dist_road:+0.27|population:-0.09|slope:-0.25
MY-00573,1.77671,114.6582,Sarawak,Sarawak,5,1,LTE,False,10.69,osm,5.76,2.2,6.04,4.322,0.671,8724.0,22.94,1.428,12456.0,46228.0,3.71,348,0,8442.0,27,5,10709.0,-2267.0,strong,0.4963,3.71,15.2,46.3,pvout:+0.07|dist_road:+0.23|population:+0.05|slope:-0.16
MY-00574,7.01459,119.11903,Sabah,Sabah,5,3,LTE,False,8.73,osm,4.2,10.9,5.22,3.982,0.654,8503.0,22.36,1.362,11586.0,45651.0,3.94,789,0,6216.0,22,6,10327.0,-4111.0,strong,0.4899,3.94,35.3,49.8,pvout:+0.05|dist_road:+0.22|population:+0.21|slope:-0.23
MY-00575,4.59037,113.09229,Sarawak,Sarawak,5,1,"GSM,LTE",False,6.04,predicted,15.16,8.3,17.96,4.03,0.657,8535.0,22.45,2.37,20229.0,54570.0,2.7,277,0,12317.0,30,6,9559.0,2758.0,thin,0.4113,2.7,12.3,39.4,pvout:+0.31|dist_road:+0.24|population:+0.04|slope:-0.23
MY-00576,6.78548,119.22111,Sabah,Sabah,3,1,"GSM,UMTS",False,7.08,osm,10.78,3.6,11.64,3.939,0.652,8476.0,22.29,1.871,15855.0,50149.0,3.16,1561,1,3173.0,26,5,10877.0,-7704.0,strong,0.4445,3.16,70.0,56.4,pvout:+0.37|dist_road:+0.19|population:-0.00|slope:+0.05
MY-00577,2.30487,110.37596,Sarawak,Sarawak,4,1,GSM,False,23.2,predicted,4.05,3.3,4.35,3.748,0.642,8351.0,21.96,1.294,10805.0,45043.0,4.17,1156,0,5500.0,28,6,11158.0,-5658.0,thin,0.4876,4.17,52.6,50.7,pvout:+0.35|dist_road:+0.27|population:+0.21|slope:-0.21
MY-00578,5.67565,118.23021,Sabah,Sabah,2,1,GSM,False,13.15,predicted,14.59,7.8,17.13,3.899,0.65,8450.0,22.22,2.305,19474.0,53991.0,2.77,1806,0,,0,0,,,unknown,0.4116,2.77,81.3,57.5,pvout:+0.32|dist_road:+0.15|population:+0.23|slope:-0.12
MY-00579,1.6746,104.49438,Terengganu,Peninsular,4,2,"GSM,LTE",False,4.22,osm,5.35,3.4,5.74,3.767,0.643,8364.0,22.0,1.404,11745.0,46021.0,3.92,646,0,13206.0,33,14,10863.0,2343.0,strong,0.478,3.92,29.4,45.0,pvout:+0.07|dist_road:+0.17|population:+0.18|slope:-0.07
MY-00580,1.05982,113.62438,Sarawak,Sarawak,2,1,LTE,False,9.16,osm,22.5,4.9,24.97,4.188,0.664,8637.0,22.72,2.925,25263.0,59481.0,2.35,110,0,10245.0,31,6,9107.0,1138.0,strong,0.3819,2.35,4.8,36.9,pvout:+0.32|dist_road:+0.06|population:-0.11|slope:-0.05
MY-00581,2.92786,114.51647,Sarawak,Sarawak,4,3,GSM,False,28.12,predicted,15.23,8.5,18.1,3.839,0.647,8410.0,22.12,2.382,20032.0,54673.0,2.73,599,0,15197.0,28,11,9829.0,5368.0,thin,0.4046,2.73,27.1,45.0,pvout:+0.18|dist_road:+0.25|population:+0.28|slope:-0.02
MY-00582,1.4027,102.64488,Perak,Peninsular,8,3,GSM,False,12.14,predicted,8.69,1.0,8.89,3.451,0.628,8158.0,21.46,1.653,13483.0,48220.0,3.58,36271,10,7625.0,28,10,12418.0,-4794.0,thin,0.445,3.58,1690.5,62.3,pvout:+0.20|dist_road:+0.21|population:+0.26|slope:-0.01
MY-00583,3.66885,103.97094,Terengganu,Peninsular,4,2,"GSM,LTE",False,2.05,osm,5.02,1.3,5.17,3.396,0.625,8123.0,21.36,1.359,11040.0,45622.0,4.13,7088,3,6900.0,31,14,11972.0,-5072.0,strong,0.4682,4.13,331.8,58.3,pvout:+0.33|dist_road:+0.14|population:+0.17|slope:-0.20
MY-00584,6.62784,117.10737,Sabah,Sabah,6,1,GSM,False,9.08,osm,12.96,8.8,15.5,3.382,0.624,8113.0,21.34,2.176,17654.0,52851.0,2.99,345,0,12440.0,35,8,9715.0,2724.0,strong,0.4037,2.99,16.2,36.7,pvout:+0.31|dist_road:+0.31|population:+0.25|slope:-0.21
MY-00585,1.40815,110.97771,Sarawak,Sarawak,4,3,GSM,False,9.5,osm,23.58,7.1,27.31,4.085,0.659,8571.0,22.54,3.11,26656.0,61120.0,2.29,920,1,5502.0,22,9,9655.0,-4153.0,strong,0.3688,2.29,40.8,50.9,pvout:+0.34|dist_road:+0.08|population:+0.04|slope:-0.01
MY-00586,5.42804,104.06132,Kelantan,Peninsular,8,1,GSM,True,4.02,predicted,2.06,2.9,2.2,3.555,0.633,8225.0,21.63,1.124,9244.0,43538.0,4.71,4136,1,8653.0,26,11,11791.0,-3138.0,thin,0.4969,4.71,191.2,59.0,pvout:+0.22|dist_road:+0.15|population:+0.14|slope:-0.02
MY-00588,4.79174,101.91247,Johor,Peninsular,7,3,"GSM,LTE",False,6.07,osm,6.13,4.9,6.8,3.941,0.652,8477.0,22.29,1.488,12609.0,46758.0,3.71,7860,3,13140.0,25,11,11628.0,1512.0,strong,0.4768,3.71,352.6,66.3,pvout:+0.25|dist_road:+0.21|population:+0.15|slope:-0.11
MY-00589,5.68026,100.08954,Terengganu,Peninsular,6,1,LTE,False,13.16,osm,6.14,1.9,6.4,3.881,0.649,8437.0,22.19,1.456,12283.0,46477.0,3.78,1690,0,19335.0,30,7,11320.0,8015.0,strong,0.4775,3.78,76.2,57.0,pvout:+0.07|dist_road:+0.21|population:+0.16|slope:-0.15
MY-00591,2.2736,99.77587,Johor,Peninsular,2,3,GSM,False,4.9,osm,10.63,3.7,11.5,3.947,0.652,8481.0,22.3,1.86,15772.0,50052.0,3.17,2046,1,,0,0,,,unknown,0.4456,3.17,91.7,59.4,pvout:+0.10|dist_road:+0.32|population:+0.23|slope:-0.03
MY-00593,1.87771,110.47348,Sarawak,Sarawak,8,2,"LTE,NR",False,7.94,predicted,0.45,1.0,0.46,3.803,0.645,8387.0,22.06,0.986,8269.0,42319.0,5.12,282,0,,0,0,,,unknown,0.5212,5.12,12.8,38.7,pvout:+0.33|dist_road:+0.34|population:+0.08|slope:-0.16
MY-00594,5.87617,102.07271,Perak,Peninsular,3,1,"GSM,UMTS",False,16.99,predicted,9.21,3.5,9.93,4.028,0.656,8533.0,22.44,1.735,14805.0,48948.0,3.31,362,0,5766.0,18,8,10419.0,-4653.0,thin,0.4585,3.31,16.1,42.8,pvout:+0.27|dist_road:+0.32|population:+0.15|slope:-0.24
MY-00595,5.68025,101.65534,Pahang,Peninsular,5,2,LTE,False,10.01,osm,3.98,2.2,4.17,4.392,0.675,8770.0,23.06,1.28,11222.0,44917.0,4.0,2759,0,6624.0,32,7,11598.0,-4974.0,strong,0.5135,4.0,119.6,67.0,pvout:+0.37|dist_road:+0.28|population:+0.00|slope:+0.10
MY-00596,3.96315,109.64998,Sarawak,Sarawak,5,2,LTE,False,17.61,predicted,14.96,6.5,17.14,4.406,0.675,8779.0,23.09,2.305,20237.0,53995.0,2.67,77,0,7599.0,31,13,9245.0,-1646.0,thin,0.4276,2.67,3.3,37.4,pvout:+0.30|dist_road:+0.30|population:+0.27|slope:-0.24
MY-00597,1.43608,109.87405,Sarawak,Sarawak,1,1,LTE,False,9.15,osm,2.49,1.4,2.57,3.491,0.63,8184.0,21.52,1.153,9436.0,43797.0,4.64,445,0,13232.0,26,8,11051.0,2181.0,strong,0.4915,4.64,20.7,38.0,pvout:+0.32|dist_road:+0.17|population:+0.23|slope:+0.06
MY-00598,5.68048,118.53132,Sabah,Sabah,5,3,"GSM,LTE",False,9.0,osm,18.74,12.7,24.03,3.795,0.645,8382.0,22.04,2.85,23889.0,58818.0,2.46,1972,0,,0,0,,,unknown,0.3748,2.46,89.5,57.7,pvout:+0.34|dist_road:+0.28|population:+0.20|slope:-0.15
MY-00600,4.74132,115.32568,Sarawak,Sarawak,2,1,GSM,False,16.47,osm,14.9,9.2,17.96,4.356,0.673,8746.0,23.0,2.37,20731.0,54570.0,2.63,1706,0,,0,0,,,unknown,0.4215,2.63,74.2,60.3,pvout:+0.19|dist_road:+0.08|population:+0.22|slope:-0.02
MY-00601,3.38678,109.86031,Sarawak,Sarawak,3,3,LTE,False,14.44,predicted,11.44,17.2,15.81,4.204,0.665,8648.0,22.74,2.2,19027.0,53067.0,2.79,1119,0,,0,0,,,unknown,0.4286,2.79,49.2,54.3,pvout:+0.26|dist_road:+0.12|population:+0.11|slope:-0.09
MY-00602,4.67144,118.21905,Sabah,Sabah,5,2,LTE,False,20.0,osm,31.33,4.1,34.2,4.005,0.655,8518.0,22.4,3.655,31136.0,65943.0,2.12,6703,0,,0,0,,,unknown,0.3397,2.12,299.2,65.1,pvout:+0.40|dist_road:+0.31|population:+0.06|slope:+0.03
MY-00603,3.81247,113.93881,Sarawak,Sarawak,8,2,"GSM,LTE",False,9.52,predicted,31.84,6.9,36.7,3.95,0.652,8482.0,22.31,3.853,32679.0,67691.0,2.07,334,0,9336.0,32,8,8840.0,496.0,thin,0.3296,2.07,15.0,40.4,pvout:+0.11|dist_road:+0.08|population:+0.12|slope:+0.00
MY-00604,6.92701,116.11001,Sabah,Sabah,1,2,GSM,False,10.01,osm,14.42,9.3,17.41,4.314,0.671,8719.0,22.93,2.327,20287.0,54185.0,2.67,896,0,,0,0,,,unknown,0.4232,2.67,39.1,52.3,pvout:+0.07|dist_road:+0.11|population:+0.07|slope:-0.23
MY-00605,6.79843,117.04998,Sabah,Sabah,8,1,GSM,False,12.19,predicted,14.58,7.5,16.99,4.263,0.668,8686.0,22.84,2.294,19924.0,53893.0,2.7,388,0,400.0,33,8,9794.0,-9394.0,thin,0.4239,2.7,17.0,43.7,pvout:+0.20|dist_road:+0.19|population:+0.26|slope:-0.14
MY-00606,7.06731,117.09748,Sabah,Sabah,7,1,"GSM,LTE",False,17.24,predicted,10.64,4.6,11.72,4.247,0.667,8676.0,22.82,1.877,16285.0,50206.0,3.08,1566,0,,0,0,,,unknown,0.4545,3.08,68.6,59.2,pvout:+0.11|dist_road:+0.05|population:-0.14|slope:+0.01
MY-00607,4.2025,102.4272,Terengganu,Peninsular,7,1,LTE,False,7.29,predicted,8.32,2.5,8.78,4.037,0.657,8539.0,22.46,1.644,14041.0,48145.0,3.43,1878,1,4915.0,36,17,11183.0,-6268.0,thin,0.4665,3.43,83.6,60.3,pvout:+0.21|dist_road:+0.11|population:+0.27|slope:+0.03
MY-00608,3.82571,110.0168,Sarawak,Sarawak,1,1,"GSM,UMTS",False,16.15,osm,11.04,14.2,14.52,3.795,0.645,8382.0,22.04,2.098,17587.0,52163.0,2.97,3357,0,,0,0,,,unknown,0.4226,2.97,152.3,61.2,pvout:+0.09|dist_road:+0.13|population:+0.22|slope:-0.01
MY-00610,4.97051,113.03437,Sarawak,Sarawak,3,2,"GSM,LTE",False,3.59,predicted,22.81,12.2,29.0,4.145,0.662,8609.0,22.64,3.243,27922.0,62299.0,2.23,2458,0,,0,0,,,unknown,0.3634,2.23,108.6,61.3,pvout:+0.38|dist_road:+0.07|population:+0.19|slope:-0.22
MY-00611,2.30031,113.98524,Sarawak,Sarawak,8,3,LTE,True,3.59,predicted,9.16,5.3,10.24,3.843,0.647,8413.0,22.13,1.76,14806.0,49168.0,3.32,1089,0,,0,0,,,unknown,0.45,3.32,49.2,51.8,pvout:+0.17|dist_road:+0.28|population:+0.16|slope:-0.25
MY-00612,6.98342,118.58828,Sabah,Sabah,6,3,LTE,False,10.04,predicted,13.66,12.2,17.35,3.795,0.645,8382.0,22.04,2.322,19465.0,54147.0,2.78,582,0,6824.0,35,9,9574.0,-2750.0,thin,0.4071,2.78,26.4,44.2,pvout:+0.12|dist_road:+0.28|population:-0.14|slope:-0.14
MY-00613,7.26263,118.00376,Sabah,Sabah,6,2,GSM,False,21.13,osm,0.3,6.0,0.34,4.24,0.667,8671.0,22.8,0.977,8471.0,42238.0,4.99,1035,0,11427.0,27,10,11080.0,348.0,strong,0.5399,4.99,45.4,51.6,pvout:+0.11|dist_road:+0.08|population:+0.22|slope:-0.23
MY-00614,1.88233,103.71574,Perak,Peninsular,1,1,"GSM,LTE",False,14.72,osm,7.11,4.4,7.81,4.399,0.675,8775.0,23.08,1.567,13753.0,47465.0,3.45,2594,1,14130.0,23,7,11201.0,2929.0,strong,0.4862,3.45,112.4,67.6,pvout:+0.24|dist_road:+0.26|population:-0.17|slope:-0.03
MY-00615,1.56771,111.68339,Sarawak,Sarawak,8,1,LTE,False,13.49,predicted,31.47,3.2,33.72,3.675,0.639,8304.0,21.84,3.617,30036.0,65606.0,2.18,859,0,,0,0,,,unknown,0.3329,2.18,39.3,48.9,pvout:+0.17|dist_road:+0.30|population:+0.20|slope:+0.03
MY-00616,3.02859,109.66342,Sarawak,Sarawak,4,1,LTE,False,24.73,predicted,20.49,6.9,23.61,3.821,0.646,8399.0,22.09,2.818,23664.0,58530.0,2.47,489,0,,0,0,,,unknown,0.3774,2.47,22.1,42.7,pvout:+0.19|dist_road:+0.30|population:+0.11|slope:-0.12
MY-00618,5.23655,100.78085,Kedah,Peninsular,7,1,GSM,False,9.67,osm,2.46,2.0,2.57,4.046,0.657,8545.0,22.47,1.153,9856.0,43801.0,4.44,1429,0,4597.0,33,12,11443.0,-6846.0,strong,0.5131,4.44,63.6,56.4,pvout:+0.08|dist_road:+0.07|population:-0.07|slope:-0.15
MY-00620,4.77634,117.83699,Sabah,Sabah,4,2,"GSM,LTE",False,7.4,predicted,5.51,4.9,6.11,4.465,0.678,8817.0,23.19,1.434,12640.0,46280.0,3.66,1396,0,14685.0,32,9,11006.0,3679.0,thin,0.5011,3.66,60.2,62.5,pvout:+0.37|dist_road:+0.35|population:-0.13|slope:+0.08
MY-00621,3.08632,113.0521,Sarawak,Sarawak,6,3,GSM,False,6.26,predicted,11.95,11.2,14.93,4.027,0.656,8532.0,22.44,2.131,18179.0,52449.0,2.89,175,0,13677.0,29,12,9299.0,4379.0,thin,0.4278,2.89,7.8,37.0,pvout:+0.30|dist_road:+0.20|population:+0.28|slope:-0.00
MY-00622,7.1682,117.86429,Sabah,Sabah,5,1,"LTE,NR",True,3.42,osm,20.95,3.9,22.78,4.059,0.658,8554.0,22.5,2.751,23534.0,57944.0,2.46,484,0,,0,0,,,unknown,0.3882,2.46,21.5,44.4,pvout:+0.26|dist_road:+0.11|population:-0.08|slope:+0.07
MY-00623,1.62944,115.34922,Sarawak,Sarawak,3,1,GSM,False,20.01,predicted,14.92,6.3,17.02,4.428,0.676,8793.0,23.13,2.296,20188.0,53913.0,2.67,1150,0,,0,0,,,unknown,0.4289,2.67,49.7,56.1,pvout:+0.13|dist_road:+0.06|population:-0.07|slope:-0.08
MY-00624,5.94212,116.30893,Sabah,Sabah,6,1,LTE,False,6.51,predicted,1.29,12.2,1.63,3.765,0.643,8362.0,21.99,1.079,9025.0,43144.0,4.78,1393,0,,0,0,,,unknown,0.5098,4.78,63.3,53.9,pvout:+0.18|dist_road:+0.33|population:+0.01|slope:+0.06
MY-00628,3.41375,111.09418,Sarawak,Sarawak,3,3,"GSM,LTE",False,23.34,predicted,32.58,7.6,38.05,3.453,0.628,8160.0,21.46,3.959,32303.0,68632.0,2.12,633,0,,0,0,,,unknown,0.3127,2.12,29.5,46.2,pvout:+0.26|dist_road:+0.21|population:-0.12|slope:-0.16
MY-00629,5.90527,115.38722,Sabah,Sabah,8,2,LTE,False,25.66,predicted,26.26,3.8,28.46,4.124,0.661,8596.0,22.61,3.201,27512.0,61920.0,2.25,2307,1,19511.0,33,12,10160.0,9351.0,thin,0.3651,2.25,102.0,60.8,pvout:+0.35|dist_road:+0.28|population:+0.02|slope:+0.07
MY-00631,4.98108,116.97529,Sabah,Sabah,1,1,GSM,False,8.52,osm,26.79,3.5,28.89,3.817,0.646,8396.0,22.08,3.235,27162.0,62226.0,2.29,77,0,,0,0,,,unknown,0.3549,2.29,3.5,33.4,pvout:+0.34|dist_road:+0.08|population:+0.10|slope:+0.03
MY-00632,5.30138,103.88998,Terengganu,Peninsular,3,2,LTE,True,4.24,predicted,7.81,3.9,8.48,3.87,0.648,8430.0,22.17,1.621,13665.0,47938.0,3.51,4493,1,,0,0,,,unknown,0.4625,3.51,202.6,63.5,pvout:+0.33|dist_road:+0.08|population:-0.09|slope:-0.11
MY-00633,3.81633,103.97152,Pahang,Peninsular,5,2,"GSM,LTE",False,9.92,osm,0.36,2.1,0.38,4.128,0.661,8598.0,22.61,0.98,8428.0,42267.0,5.02,1167,1,400.0,31,9,11471.0,-11071.0,strong,0.535,5.02,51.6,53.1,pvout:+0.14|dist_road:+0.08|population:+0.11|slope:-0.07
MY-00634,3.3131,101.20887,Pahang,Peninsular,5,2,GSM,False,5.01,osm,4.09,2.9,4.36,3.559,0.633,8229.0,21.64,1.295,10653.0,45051.0,4.23,344,0,15506.0,29,8,10731.0,4775.0,strong,0.4804,4.23,15.9,35.5,pvout:+0.10|dist_road:+0.23|population:-0.17|slope:-0.12
MY-00636,0.95791,110.69905,Sarawak,Sarawak,5,2,GSM,False,11.51,predicted,18.95,3.1,20.27,4.11,0.66,8586.0,22.58,2.553,21922.0,56189.0,2.56,2060,1,,0,0,,,unknown,0.4019,2.56,91.2,60.6,pvout:+0.33|dist_road:+0.32|population:-0.08|slope:+0.05
MY-00637,4.70344,110.31877,Sarawak,Sarawak,1,2,GSM,False,7.66,predicted,2.22,6.8,2.55,3.365,0.623,8102.0,21.31,1.152,9332.0,43786.0,4.69,170,0,3848.0,26,7,10223.0,-6376.0,thin,0.4867,4.69,8.0,29.6,pvout:+0.36|dist_road:+0.23|population:+0.29|slope:-0.16
MY-00638,4.82047,116.99678,Sabah,Sabah,2,3,"GSM,LTE",False,22.3,predicted,19.5,1.1,19.96,4.105,0.66,8584.0,22.57,2.529,21704.0,55972.0,2.58,6222,1,10688.0,24,10,11151.0,-463.0,thin,0.4033,2.58,275.6,66.2,pvout:+0.07|dist_road:+0.30|population:+0.05|slope:-0.13
MY-00639,4.28026,116.20596,Sabah,Sabah,7,2,"GSM,LTE",False,14.83,predicted,5.24,2.8,5.56,3.398,0.625,8124.0,21.36,1.39,11291.0,45893.0,4.06,260,0,11536.0,29,11,10575.0,960.0,thin,0.4655,4.06,12.2,32.2,pvout:+0.07|dist_road:+0.07|population:-0.15|slope:-0.19
MY-00640,1.98475,112.82048,Sarawak,Sarawak,6,2,"GSM,LTE",False,15.69,predicted,11.99,9.8,14.62,3.865,0.648,8427.0,22.16,2.106,17746.0,52231.0,2.94,656,0,,0,0,,,unknown,0.4243,2.94,29.6,46.4,pvout:+0.39|dist_road:+0.13|population:+0.21|slope:-0.24
MY-00641,5.68832,116.05865,Sabah,Sabah,6,1,LTE,False,7.67,predicted,24.24,1.5,25.03,3.551,0.633,8223.0,21.63,2.929,24087.0,59518.0,2.47,177,1,10924.0,34,12,9505.0,1420.0,thin,0.3634,2.47,8.2,33.8,pvout:+0.16|dist_road:+0.32|population:-0.11|slope:-0.15
MY-00643,5.30775,102.61024,Pahang,Peninsular,3,1,"LTE,NR",False,17.58,osm,3.5,2.0,3.66,3.553,0.633,8224.0,21.63,1.239,10193.0,44562.0,4.37,1748,0,,0,0,,,unknown,0.4854,4.37,80.8,52.6,pvout:+0.34|dist_road:+0.09|population:-0.17|slope:+0.09
MY-00644,1.0622,113.05938,Sarawak,Sarawak,3,2,GSM,False,20.28,predicted,22.0,3.7,23.82,3.405,0.625,8128.0,21.38,2.834,23033.0,58672.0,2.55,135,0,,0,0,,,unknown,0.3643,2.55,6.3,31.7,pvout:+0.19|dist_road:+0.25|population:-0.14|slope:-0.17
MY-00648,1.88502,113.96782,Sarawak,Sarawak,4,3,"GSM,LTE",False,22.98,osm,23.73,5.0,26.34,4.058,0.658,8553.0,22.49,3.033,25944.0,60441.0,2.33,1586,0,16422.0,21,5,10049.0,6373.0,strong,0.3722,2.33,70.5,57.4,pvout:+0.21|dist_road:+0.25|population:-0.05|slope:+0.06
MY-00649,1.84711,101.35428,Pahang,Peninsular,7,1,LTE,False,4.71,osm,7.2,0.4,7.26,3.303,0.62,8062.0,21.2,1.524,12287.0,47082.0,3.83,12261,2,14568.0,22,10,12147.0,2420.0,strong,0.4503,3.83,578.3,59.0,pvout:+0.32|dist_road:+0.22|population:+0.03|slope:-0.03
MY-00651,6.14252,116.15347,Sabah,Sabah,7,3,"GSM,LTE",False,11.24,osm,14.81,5.4,16.59,3.727,0.641,8338.0,21.93,2.262,18864.0,53616.0,2.84,181,1,18299.0,27,6,9674.0,8625.0,strong,0.409,2.84,8.3,35.3,pvout:+0.31|dist_road:+0.09|population:+0.23|slope:-0.08
MY-00652,2.02302,114.77674,Sarawak,Sarawak,5,2,GSM,False,7.25,predicted,11.86,1.4,12.22,4.141,0.662,8606.0,22.63,1.917,16494.0,50555.0,3.06,745,0,,0,0,,,unknown,0.4477,3.06,32.9,49.7,pvout:+0.38|dist_road:+0.34|population:-0.18|slope:-0.12
MY-00653,2.3118,101.12224,Perak,Peninsular,4,1,LTE,True,4.59,osm,1.36,1.5,1.41,4.289,0.669,8703.0,22.89,1.061,9236.0,42985.0,4.65,304,0,17422.0,32,15,10968.0,6454.0,strong,0.5325,4.65,13.3,40.9,pvout:+0.23|dist_road:+0.21|population:+0.21|slope:-0.20
MY-00654,5.77132,115.46326,Sabah,Sabah,8,3,"GSM,UMTS",False,11.26,osm,5.4,2.0,5.65,4.231,0.667,8665.0,22.79,1.396,12101.0,45952.0,3.8,1482,0,,0,0,,,unknown,0.4959,3.8,65.0,60.0,pvout:+0.27|dist_road:+0.33|population:+0.30|slope:-0.25
MY-00655,5.68016,100.51504,Pahang,Peninsular,5,2,"GSM,LTE",False,8.92,osm,4.15,1.4,4.28,3.854,0.648,8420.0,22.14,1.289,10850.0,44997.0,4.15,389,0,16609.0,27,8,10914.0,5695.0,strong,0.4921,4.15,17.6,40.7,pvout:+0.39|dist_road:+0.09|population:+0.07|slope:-0.16
MY-00658,1.03452,114.27348,Sarawak,Sarawak,6,1,"GSM,LTE",False,18.07,predicted,13.62,2.3,14.32,4.341,0.672,8737.0,22.98,2.082,18193.0,52022.0,2.86,939,0,,0,0,,,unknown,0.4417,2.86,40.9,52.9,pvout:+0.26|dist_road:+0.06|population:-0.08|slope:-0.14
MY-00659,6.55002,99.97814,Kedah,Peninsular,3,2,LTE,False,7.16,osm,8.01,2.8,8.51,4.27,0.669,8691.0,22.86,1.623,14108.0,47960.0,3.4,1539,0,16407.0,25,9,11094.0,5313.0,strong,0.4766,3.4,67.3,61.4,pvout:+0.37|dist_road:+0.23|population:+0.15|slope:-0.01
MY-00660,2.1135,104.25661,Kedah,Peninsular,4,1,GSM,True,4.6,osm,8.24,3.9,8.94,4.039,0.657,8540.0,22.46,1.657,14154.0,48261.0,3.41,9127,2,10572.0,31,14,11665.0,-1093.0,strong,0.4654,3.41,406.4,68.0,pvout:+0.19|dist_road:+0.05|population:-0.15|slope:-0.09
MY-00661,5.57897,116.74352,Sabah,Sabah,7,2,"GSM,LTE",False,11.46,predicted,11.92,12.0,15.08,3.543,0.632,8218.0,21.61,2.143,17611.0,52559.0,2.98,1240,0,6743.0,28,11,9975.0,-3232.0,thin,0.4112,2.98,57.4,51.0,pvout:+0.38|dist_road:+0.12|population:+0.15|slope:+0.04
MY-00662,4.79841,101.63382,Terengganu,Peninsular,4,3,LTE,False,15.0,osm,6.78,2.9,7.22,3.742,0.642,8348.0,21.95,1.521,12698.0,47055.0,3.71,3807,0,8232.0,28,6,11499.0,-3266.0,strong,0.4666,3.71,173.4,61.0,pvout:+0.37|dist_road:+0.14|population:+0.27|slope:-0.04
MY-00665,2.04535,111.03415,Sarawak,Sarawak,4,1,"GSM,LTE",False,16.98,osm,19.72,2.2,20.69,3.556,0.633,8226.0,21.63,2.586,21273.0,56480.0,2.66,269,0,,0,0,,,unknown,0.3831,2.66,12.4,36.1,pvout:+0.23|dist_road:+0.28|population:-0.08|slope:+0.03
MY-00667,6.79798,116.9684,Sabah,Sabah,3,3,"GSM,LTE",False,9.45,osm,15.45,4.5,16.99,3.771,0.644,8366.0,22.0,2.294,19187.0,53891.0,2.81,4546,1,,0,0,,,unknown,0.4083,2.81,206.6,62.4,pvout:+0.28|dist_road:+0.29|population:+0.23|slope:-0.03
MY-00670,5.93887,103.59754,Kelantan,Peninsular,8,3,"LTE,NR",False,8.94,osm,6.34,1.9,6.61,4.038,0.657,8540.0,22.46,1.473,12579.0,46628.0,3.71,91,2,,0,0,,,unknown,0.4817,3.71,4.1,36.6,pvout:+0.06|dist_road:+0.14|population:+0.24|slope:-0.03
MY-00671,1.69106,112.82409,Sarawak,Sarawak,7,1,LTE,False,14.88,osm,18.91,18.9,26.86,3.785,0.644,8376.0,22.03,3.074,25747.0,60800.0,2.36,495,0,9618.0,26,12,8617.0,1001.0,strong,0.3623,2.36,22.5,43.0,pvout:+0.36|dist_road:+0.17|population:+0.05|slope:+0.05
MY-00672,4.6745,118.54168,Sabah,Sabah,3,1,"GSM,LTE",False,5.76,predicted,4.67,13.0,6.02,3.556,0.633,8227.0,21.64,1.426,11734.0,46216.0,3.94,1811,1,,0,0,,,unknown,0.4681,3.94,83.7,53.6,pvout:+0.32|dist_road:+0.16|population:-0.19|slope:+0.06
MY-00673,2.45235,111.32499,Sarawak,Sarawak,2,3,"LTE,NR",False,11.96,predicted,18.6,7.7,21.78,4.514,0.681,8849.0,23.27,2.672,23647.0,57243.0,2.42,1517,0,5879.0,31,14,10068.0,-4190.0,thin,0.4066,2.42,65.2,60.2,pvout:+0.33|dist_road:+0.18|population:+0.07|slope:-0.18
MY-00674,2.47919,111.51276,Sarawak,Sarawak,6,1,"GSM,LTE",False,21.43,predicted,1.46,10.3,1.79,3.893,0.65,8445.0,22.21,1.091,9217.0,43251.0,4.69,177,0,,0,0,,,unknown,0.5135,4.69,8.0,36.2,pvout:+0.19|dist_road:+0.10|population:-0.09|slope:+0.05
MY-00676,6.43652,116.51543,Sabah,Sabah,4,1,GSM,False,12.02,osm,23.68,6.1,26.9,4.168,0.663,8624.0,22.68,3.077,26541.0,60830.0,2.29,47,1,,0,0,,,unknown,0.3729,2.29,2.1,35.1,pvout:+0.18|dist_road:+0.29|population:+0.04|slope:-0.23
MY-00677,2.28993,115.00528,Sarawak,Sarawak,1,2,GSM,False,9.65,predicted,17.21,9.4,20.8,3.744,0.642,8348.0,21.96,2.595,21666.0,56562.0,2.61,909,1,7871.0,36,10,9797.0,-1927.0,thin,0.3882,2.61,41.4,49.1,pvout:+0.18|dist_road:+0.10|population:+0.15|slope:+0.07
MY-00679,4.81158,100.37227,Pahang,Peninsular,2,1,"GSM,UMTS",False,8.41,osm,6.34,0.7,6.44,4.334,0.672,8732.0,22.97,1.459,12742.0,46507.0,3.65,6188,5,22159.0,32,6,11905.0,10254.0,strong,0.4938,3.65,269.5,70.9,pvout:+0.32|dist_road:+0.28|population:+0.23|slope:+0.02
MY-00680,2.90323,102.953,Johor,Peninsular,4,3,"GSM,UMTS",False,12.88,osm,4.82,3.6,5.2,4.339,0.672,8735.0,22.97,1.361,11891.0,45640.0,3.84,6520,2,6789.0,24,11,11752.0,-4963.0,strong,0.5034,3.84,283.8,70.8,pvout:+0.25|dist_road:+0.26|population:+0.01|slope:-0.23
MY-00682,4.34539,100.82923,Kelantan,Peninsular,1,1,"GSM,LTE",False,10.18,osm,6.97,4.1,7.61,4.065,0.658,8557.0,22.51,1.552,13277.0,47324.0,3.56,3365,0,10361.0,30,12,11333.0,-972.0,strong,0.4756,3.56,149.5,65.5,pvout:+0.30|dist_road:+0.27|population:-0.09|slope:+0.08
MY-00683,2.24449,113.555,Sarawak,Sarawak,7,1,"GSM,UMTS",False,6.65,predicted,7.45,11.8,9.41,3.864,0.648,8426.0,22.16,1.694,14277.0,48588.0,3.4,484,0,,0,0,,,unknown,0.4561,3.4,21.8,44.1,pvout:+0.07|dist_road:+0.27|population:+0.28|slope:-0.14
MY-00684,1.2679,115.25262,Sarawak,Sarawak,5,3,"GSM,UMTS",False,6.62,predicted,14.36,2.4,15.14,3.59,0.635,8249.0,21.69,2.148,17715.0,52600.0,2.97,766,0,,0,0,,,unknown,0.4124,2.97,35.3,46.1,pvout:+0.37|dist_road:+0.30|population:+0.17|slope:+0.08
MY-00685,4.26473,101.0258,Pahang,Peninsular,5,2,"GSM,UMTS",False,11.49,osm,4.06,1.3,4.18,3.979,0.654,8501.0,22.36,1.281,10887.0,44927.0,4.13,634,0,11919.0,30,6,11111.0,808.0,strong,0.4976,4.13,28.4,46.9,pvout:+0.28|dist_road:+0.20|population:+0.14|slope:-0.11
MY-00686,5.70844,104.32969,Johor,Peninsular,2,1,GSM,False,9.96,osm,0.3,5.8,0.34,3.495,0.63,8187.0,21.53,0.977,7997.0,42237.0,5.28,3723,0,12807.0,24,7,11587.0,1220.0,strong,0.5098,5.28,172.9,60.1,pvout:+0.16|dist_road:+0.07|population:-0.01|slope:+0.03
MY-00687,6.58395,118.30795,Sabah,Sabah,1,2,GSM,False,12.46,predicted,5.72,5.8,6.46,3.76,0.643,8359.0,21.98,1.461,12209.0,46519.0,3.81,116,0,9326.0,36,16,9971.0,-644.0,thin,0.4726,3.81,5.3,33.8,pvout:+0.38|dist_road:+0.34|population:-0.10|slope:-0.05
MY-00688,1.00334,112.01809,Sarawak,Sarawak,1,2,"GSM,LTE",False,16.33,osm,28.11,10.5,34.7,3.66,0.638,8294.0,21.81,3.694,30641.0,66289.0,2.16,96,0,4592.0,26,7,8244.0,-3651.0,strong,0.3291,2.16,4.4,34.1,pvout:+0.25|dist_road:+0.10|population:+0.09|slope:-0.12
MY-00689,1.72867,112.71714,Sarawak,Sarawak,6,2,LTE,False,8.98,predicted,17.46,4.6,19.25,3.75,0.643,8353.0,21.97,2.472,20649.0,55473.0,2.69,532,0,,0,0,,,unknown,0.396,2.69,24.2,43.1,pvout:+0.38|dist_road:+0.13|population:+0.22|slope:+0.06
MY-00690,5.09477,100.97007,Pahang,Peninsular,6,1,"GSM,UMTS",False,2.94,osm,1.03,2.4,1.09,3.879,0.649,8436.0,22.19,1.036,8738.0,42760.0,4.89,1617,1,,0,0,,,unknown,0.5189,4.89,72.9,56.4,pvout:+0.31|dist_road:+0.11|population:-0.07|slope:+0.09
MY-00691,5.95455,119.05213,Sabah,Sabah,7,3,"GSM,UMTS",False,6.37,osm,0.3,5.7,0.34,3.595,0.635,8252.0,21.7,0.977,8060.0,42237.0,5.24,790,0,,0,0,,,unknown,0.5138,5.24,36.4,47.0,pvout:+0.08|dist_road:+0.09|population:+0.29|slope:+0.02
MY-00692,1.5382,101.76379,Terengganu,Peninsular,7,3,"GSM,LTE",False,9.33,osm,4.66,8.2,5.51,4.372,0.674,8757.0,23.03,1.386,12137.0,45859.0,3.78,1043,0,18343.0,29,6,10647.0,7696.0,strong,0.5022,3.78,45.3,57.4,pvout:+0.31|dist_road:+0.10|population:+0.04|slope:+0.04
MY-00694,6.93395,117.90956,Sabah,Sabah,1,3,"GSM,UMTS",False,21.4,predicted,12.32,3.1,13.17,4.438,0.677,8800.0,23.14,1.991,17523.0,51216.0,2.92,706,0,16216.0,34,9,10537.0,5678.0,thin,0.4519,2.92,30.5,51.2,pvout:+0.17|dist_road:+0.11|population:-0.19|slope:-0.03
MY-00695,4.00226,112.42527,Sarawak,Sarawak,2,1,GSM,False,8.79,predicted,25.76,6.5,29.46,3.852,0.648,8419.0,22.14,3.28,27611.0,62620.0,2.27,759,0,,0,0,,,unknown,0.3536,2.27,34.3,47.9,pvout:+0.15|dist_road:+0.31|population:-0.06|slope:-0.20
MY-00696,4.96232,110.22226,Sarawak,Sarawak,7,2,"GSM,LTE",False,11.14,predicted,17.17,4.3,18.83,3.735,0.642,8343.0,21.94,2.439,20347.0,55178.0,2.71,733,1,,0,0,,,unknown,0.3977,2.71,33.4,46.1,pvout:+0.39|dist_road:+0.34|population:+0.14|slope:+0.07
MY-00697,4.70696,110.97287,Sarawak,Sarawak,7,3,GSM,False,16.31,predicted,18.24,3.7,19.74,4.428,0.676,8793.0,23.13,2.512,22084.0,55821.0,2.53,1640,0,14070.0,29,6,10476.0,3594.0,thin,0.4143,2.53,70.9,60.2,pvout:+0.11|dist_road:+0.19|population:-0.10|slope:-0.08
MY-00698,2.9673,112.66029,Sarawak,Sarawak,5,2,"GSM,LTE",False,11.17,predicted,1.98,8.0,2.33,3.727,0.641,8337.0,21.93,1.134,9458.0,43633.0,4.61,1070,1,,0,0,,,unknown,0.5025,4.61,48.8,49.7,pvout:+0.33|dist_road:+0.30|population:-0.20|slope:-0.11
MY-00701,2.75296,103.40488,Perak,Peninsular,7,3,"GSM,LTE",False,9.26,predicted,7.59,2.9,8.07,3.529,0.631,8209.0,21.59,1.588,13039.0,47650.0,3.65,322,0,400.0,37,13,10521.0,-10121.0,thin,0.4531,3.65,14.9,36.3,pvout:+0.40|dist_road:+0.23|population:-0.05|slope:-0.11
MY-00703,4.98957,116.96989,Sabah,Sabah,7,3,"GSM,LTE",False,10.12,predicted,15.59,7.7,18.26,4.075,0.659,8564.0,22.52,2.394,20500.0,54779.0,2.67,557,0,11125.0,36,17,9854.0,1271.0,thin,0.4112,2.67,24.7,46.1,pvout:+0.16|dist_road:+0.18|population:+0.02|slope:-0.07
MY-00704,5.34113,103.7086,Perak,Peninsular,6,3,"GSM,UMTS",True,3.07,osm,6.06,1.7,6.29,4.281,0.669,8698.0,22.87,1.447,12589.0,46403.0,3.69,1639,0,15616.0,23,10,11323.0,4293.0,strong,0.493,3.69,71.7,62.0,pvout:+0.21|dist_road:+0.20|population:-0.19|slope:-0.23
MY-00705,3.08048,109.99077,Sarawak,Sarawak,8,1,GSM,False,17.05,osm,12.61,4.9,13.99,4.167,0.663,8624.0,22.68,2.056,17733.0,51792.0,2.92,1074,0,,0,0,,,unknown,0.4379,2.92,47.4,53.1,pvout:+0.18|dist_road:+0.32|population:+0.20|slope:-0.21
MY-00706,6.9975,118.26594,Sabah,Sabah,6,3,GSM,False,10.3,predicted,17.64,3.8,19.13,4.29,0.669,8703.0,22.89,2.463,21435.0,55390.0,2.58,614,0,,0,0,,,unknown,0.4133,2.58,26.8,49.0,pvout:+0.22|dist_road:+0.23|population:+0.04|slope:-0.01
MY-00707,6.48,117.07738,Sabah,Sabah,1,1,GSM,False,23.66,osm,11.6,1.0,11.87,3.867,0.648,8428.0,22.17,1.889,15917.0,50307.0,3.16,1076,0,,0,0,,,unknown,0.4406,3.16,48.5,51.3,pvout:+0.40|dist_road:+0.08|population:+0.06|slope:-0.07
MY-00709,2.18978,115.00248,Sarawak,Sarawak,1,3,"GSM,UMTS",False,9.34,predicted,28.45,5.7,32.04,4.533,0.682,8861.0,23.31,3.484,30871.0,64426.0,2.09,595,0,400.0,16,5,9353.0,-8953.0,thin,0.3617,2.09,25.5,46.9,pvout:+0.25|dist_road:+0.10|population:+0.12|slope:-0.23
MY-00710,6.71575,116.89915,Sabah,Sabah,3,1,"GSM,LTE",False,9.8,osm,23.44,16.2,31.9,3.442,0.627,8152.0,21.44,3.472,28309.0,64327.0,2.27,157,0,7475.0,33,8,8174.0,-699.0,strong,0.3333,2.27,7.3,34.8,pvout:+0.31|dist_road:+0.25|population:-0.03|slope:+0.10
MY-00712,6.25957,117.35366,Sabah,Sabah,8,2,"GSM,UMTS",True,3.74,osm,19.12,9.1,22.98,4.07,0.658,8560.0,22.51,2.767,23689.0,58085.0,2.45,91,0,4151.0,25,9,8848.0,-4698.0,strong,0.3876,2.45,4.0,35.5,pvout:+0.34|dist_road:+0.21|population:+0.30|slope:+0.04
MY-00713,6.87757,116.50266,Sabah,Sabah,4,3,"GSM,LTE",False,7.29,predicted,7.32,3.3,7.85,4.387,0.674,8767.0,23.06,1.571,13770.0,47494.0,3.45,852,0,12608.0,35,16,10868.0,1740.0,thin,0.4855,3.45,37.0,55.9,pvout:+0.10|dist_road:+0.23|population:+0.09|slope:-0.02
MY-00714,7.37654,115.62743,Sabah,Sabah,3,1,GSM,False,18.95,predicted,3.34,3.3,3.59,3.957,0.653,8487.0,22.32,1.234,10470.0,44510.0,4.25,138,0,,0,0,,,unknown,0.5015,4.25,6.2,35.6,pvout:+0.38|dist_road:+0.20|population:-0.16|slope:-0.08
MY-00716,4.0355,110.74829,Sarawak,Sarawak,2,1,"GSM,LTE",False,7.61,predicted,1.34,16.1,1.82,3.301,0.62,8061.0,21.2,1.094,8816.0,43271.0,4.91,1472,0,23479.0,27,8,10247.0,13233.0,thin,0.4899,4.91,69.4,49.2,pvout:+0.33|dist_road:+0.16|population:-0.19|slope:-0.14
MY-00717,3.40392,102.4416,Terengganu,Peninsular,5,1,"GSM,UMTS",False,11.59,predicted,7.78,1.3,8.0,3.75,0.643,8353.0,21.97,1.583,13220.0,47601.0,3.6,2508,0,11239.0,33,8,11432.0,-192.0,thin,0.4615,3.6,114.2,59.5,pvout:+0.29|dist_road:+0.08|population:-0.01|slope:-0.20
MY-00718,4.36152,114.03886,Sarawak,Sarawak,4,3,GSM,False,21.86,predicted,11.73,0.8,11.92,3.338,0.622,8085.0,21.26,1.893,15304.0,50347.0,3.29,116,0,4464.0,37,17,10096.0,-5632.0,thin,0.4223,3.29,5.5,31.2,pvout:+0.22|dist_road:+0.09|population:-0.15|slope:-0.01
MY-00719,5.42855,116.90089,Sabah,Sabah,1,2,"LTE,NR",False,19.79,predicted,12.1,11.4,15.16,4.134,0.662,8602.0,22.62,2.149,18486.0,52612.0,2.85,307,0,,0,0,,,unknown,0.43,2.85,13.6,41.1,pvout:+0.11|dist_road:+0.10|population:+0.10|slope:-0.23
MY-00720,4.57157,110.16222,Sarawak,Sarawak,5,3,"GSM,LTE",False,5.03,predicted,17.69,9.5,21.42,3.436,0.627,8148.0,21.43,2.644,21543.0,56993.0,2.65,134,0,,0,0,,,unknown,0.376,2.65,6.3,31.9,pvout:+0.06|dist_road:+0.18|population:-0.02|slope:-0.06
MY-00722,4.11398,99.88549,Kedah,Peninsular,6,3,GSM,False,15.7,osm,2.52,10.2,3.09,4.054,0.658,8550.0,22.49,1.194,10213.0,44164.0,4.32,2247,1,17649.0,30,8,10878.0,6771.0,strong,0.5092,4.32,99.9,61.5,pvout:+0.40|dist_road:+0.18|population:+0.09|slope:+0.07
MY-00723,6.76731,115.70781,Sabah,Sabah,8,1,GSM,False,12.69,osm,20.46,20.9,29.98,4.219,0.666,8657.0,22.77,3.321,28753.0,62989.0,2.19,1053,0,,0,0,,,unknown,0.3615,2.19,46.2,51.9,pvout:+0.22|dist_road:+0.28|population:+0.07|slope:-0.03
MY-00725,4.33329,102.19079,Kedah,Peninsular,6,3,"LTE,NR",False,8.03,osm,1.23,1.6,1.28,4.071,0.659,8561.0,22.52,1.051,8997.0,42893.0,4.77,3650,1,9656.0,25,11,11905.0,-2249.0,strong,0.5249,4.77,162.1,63.3,pvout:+0.38|dist_road:+0.05|population:+0.25|slope:-0.08
MY-00726,4.91859,103.58772,Pahang,Peninsular,2,3,GSM,False,10.05,osm,4.49,2.7,4.76,4.061,0.658,8555.0,22.5,1.326,11348.0,45332.0,3.99,1974,1,13611.0,29,8,11393.0,2217.0,strong,0.4963,3.99,87.7,60.8,pvout:+0.26|dist_road:+0.19|population:-0.07|slope:-0.23
MY-00728,2.68083,114.82161,Sarawak,Sarawak,4,3,"LTE,NR",False,12.54,osm,29.09,6.7,33.44,3.572,0.634,8237.0,21.66,3.595,29608.0,65409.0,2.21,205,0,,0,0,,,unknown,0.3312,2.21,9.5,36.4,pvout:+0.38|dist_road:+0.24|population:+0.24|slope:-0.15
MY-00729,4.04419,113.80907,Sarawak,Sarawak,8,1,"GSM,LTE",False,17.49,predicted,20.46,5.7,23.03,4.069,0.658,8560.0,22.51,2.771,23723.0,58120.0,2.45,387,0,,0,0,,,unknown,0.3874,2.45,17.2,42.4,pvout:+0.15|dist_road:+0.15|population:-0.08|slope:-0.08
MY-00730,1.40555,101.59713,Kelantan,Peninsular,4,3,"GSM,UMTS",False,5.12,osm,1.43,1.1,1.46,4.084,0.659,8570.0,22.54,1.066,9133.0,43025.0,4.71,533,0,9794.0,29,10,11209.0,-1414.0,strong,0.5238,4.71,23.6,45.3,pvout:+0.38|dist_road:+0.31|population:+0.05|slope:-0.13
MY-00731,2.50384,103.28596,Terengganu,Peninsular,6,1,"GSM,LTE",True,3.09,predicted,6.47,4.1,7.06,4.168,0.663,8624.0,22.68,1.509,13011.0,46944.0,3.61,858,0,,0,0,,,unknown,0.4832,3.61,37.8,53.1,pvout:+0.26|dist_road:+0.23|population:+0.14|slope:-0.06
MY-00732,6.05146,101.48341,Johor,Peninsular,5,3,"GSM,LTE",True,4.8,osm,7.55,4.3,8.27,3.994,0.655,8511.0,22.38,1.604,13652.0,47789.0,3.5,2184,0,400.0,31,10,11122.0,-10722.0,strong,0.4684,3.5,97.6,61.4,pvout:+0.06|dist_road:+0.07|population:+0.29|slope:+0.01
MY-00733,4.76071,100.60641,Johor,Peninsular,1,2,LTE,False,3.89,osm,7.18,5.4,8.04,3.549,0.632,8222.0,21.62,1.586,13041.0,47630.0,3.65,1776,0,9941.0,30,9,10960.0,-1019.0,strong,0.454,3.65,82.1,54.1,pvout:+0.38|dist_road:+0.15|population:+0.07|slope:-0.14
MY-00735,4.20623,109.998,Sarawak,Sarawak,6,3,LTE,False,14.34,osm,17.27,4.8,19.09,3.9,0.65,8450.0,22.22,2.46,20788.0,55366.0,2.66,156,0,14207.0,31,12,9543.0,4664.0,strong,0.4014,2.66,7.0,35.8,pvout:+0.37|dist_road:+0.14|population:+0.15|slope:-0.19
MY-00738,3.87568,103.83671,Kelantan,Peninsular,8,3,LTE,False,3.36,osm,0.69,2.3,0.73,3.693,0.64,8315.0,21.87,1.008,8380.0,42511.0,5.07,1355,0,,0,0,,,unknown,0.5144,5.07,62.0,53.5,pvout:+0.09|dist_road:+0.10|population:+0.06|slope:+0.05
MY-00739,6.26482,102.78281,Pahang,Peninsular,3,1,LTE,True,5.03,osm,6.02,1.2,6.17,4.167,0.663,8623.0,22.68,1.438,12402.0,46321.0,3.73,1412,0,7597.0,28,11,11321.0,-3724.0,strong,0.4896,3.73,62.3,58.7,pvout:+0.40|dist_road:+0.24|population:+0.07|slope:+0.03
MY-00740,1.70933,103.01393,Kedah,Peninsular,1,1,LTE,False,6.0,predicted,5.56,0.8,5.66,3.475,0.629,8173.0,21.5,1.397,11421.0,45960.0,4.02,4651,0,9397.0,29,13,11832.0,-2434.0,thin,0.4677,4.02,216.4,58.2,pvout:+0.07|dist_road:+0.29|population:+0.18|slope:-0.06
MY-00741,2.51893,104.41834,Kelantan,Peninsular,5,1,"GSM,LTE",False,10.92,osm,6.67,4.8,7.38,3.602,0.635,8256.0,21.71,1.534,12664.0,47168.0,3.72,1274,0,5083.0,25,11,10919.0,-5837.0,strong,0.4604,3.72,58.7,51.2,pvout:+0.06|dist_road:+0.11|population:-0.02|slope:+0.08
MY-00742,6.53157,116.88281,Sabah,Sabah,1,1,GSM,False,10.45,predicted,1.96,4.0,2.13,3.801,0.645,8386.0,22.05,1.119,9382.0,43494.0,4.64,497,0,14132.0,35,9,10896.0,3236.0,thin,0.5071,4.64,22.5,42.8,pvout:+0.27|dist_road:+0.20|population:+0.04|slope:+0.02
MY-00744,2.16468,113.61271,Sarawak,Sarawak,8,2,"GSM,UMTS",False,13.61,predicted,32.49,12.7,41.67,4.216,0.666,8656.0,22.76,4.245,36745.0,71166.0,1.94,148,0,,0,0,,,unknown,0.3199,1.94,6.5,36.2,pvout:+0.16|dist_road:+0.08|population:+0.14|slope:-0.13
MY-00745,4.70989,113.26345,Sarawak,Sarawak,1,1,"GSM,LTE",True,3.2,predicted,14.71,8.7,17.56,3.408,0.625,8130.0,21.38,2.339,19015.0,54293.0,2.86,313,0,7435.0,21,7,9589.0,-2155.0,thin,0.3938,2.86,14.6,35.8,pvout:+0.16|dist_road:+0.19|population:-0.08|slope:+0.07
MY-00746,2.41653,101.6361,Kedah,Peninsular,7,2,"GSM,UMTS",False,6.76,osm,4.82,0.3,4.85,4.305,0.67,8714.0,22.92,1.334,11620.0,45395.0,3.91,1363,0,,0,0,,,unknown,0.5048,3.91,59.5,60.2,pvout:+0.35|dist_road:+0.35|population:+0.28|slope:-0.14
MY-00747,4.93354,104.13207,Kedah,Peninsular,5,1,"GSM,LTE",False,24.71,osm,5.93,3.8,6.43,4.305,0.67,8713.0,22.92,1.458,12705.0,46498.0,3.66,2151,0,,0,0,,,unknown,0.4928,3.66,93.9,65.1,pvout:+0.18|dist_road:+0.26|population:-0.19|slope:+0.10
MY-00748,5.53976,117.48343,Sabah,Sabah,3,2,"GSM,LTE",False,10.14,osm,32.29,7.5,37.7,3.548,0.632,8221.0,21.62,3.932,32324.0,68392.0,2.12,1052,1,11146.0,38,11,9190.0,1956.0,strong,0.3161,2.12,48.7,51.4,pvout:+0.05|dist_road:+0.21|population:+0.13|slope:+0.07
MY-00749,7.15163,119.01592,Sabah,Sabah,3,3,"LTE,NR",False,10.17,predicted,4.79,4.5,5.27,3.144,0.612,7958.0,20.93,1.367,10878.0,45689.0,4.2,475,1,,0,0,,,unknown,0.4581,4.2,22.7,33.9,pvout:+0.28|dist_road:+0.23|population:-0.05|slope:-0.04
MY-00750,2.51328,100.8802,Terengganu,Peninsular,4,2,"GSM,UMTS",False,8.21,predicted,5.61,2.2,5.88,3.878,0.649,8436.0,22.19,1.415,11940.0,46119.0,3.86,1552,0,5563.0,33,13,11285.0,-5723.0,thin,0.4811,3.86,70.0,56.1,pvout:+0.31|dist_road:+0.20|population:+0.19|slope:-0.23
MY-00751,1.91562,103.20311,Johor,Peninsular,5,1,LTE,False,14.52,osm,2.6,0.6,2.63,4.237,0.667,8669.0,22.8,1.158,10042.0,43844.0,4.37,357,1,10495.0,40,11,11039.0,-544.0,strong,0.52,4.37,15.7,43.4,pvout:+0.17|dist_road:+0.34|population:-0.04|slope:-0.03
MY-00752,2.47632,103.32195,Kedah,Peninsular,8,1,"GSM,LTE",False,9.82,predicted,3.36,10.1,4.11,4.377,0.674,8760.0,23.04,1.275,11172.0,44879.0,4.02,3428,1,,0,0,,,unknown,0.5134,4.02,148.8,68.0,pvout:+0.23|dist_road:+0.33|population:-0.12|slope:-0.15
MY-00753,1.2868,113.99263,Sarawak,Sarawak,3,3,"LTE,NR",True,4.09,osm,13.55,4.7,14.96,3.639,0.637,8280.0,21.78,2.133,17665.0,52475.0,2.97,300,0,,0,0,,,unknown,0.415,2.97,13.8,37.5,pvout:+0.35|dist_road:+0.25|population:+0.07|slope:-0.11
MY-00754,4.9765,114.40355,Sarawak,Sarawak,5,1,LTE,False,14.94,osm,26.13,7.3,30.35,4.426,0.676,8792.0,23.12,3.35,29453.0,63244.0,2.15,1270,0,,0,0,,,unknown,0.3656,2.15,54.9,55.4,pvout:+0.19|dist_road:+0.33|population:+0.14|slope:+0.08
MY-00755,3.59822,100.16938,Pahang,Peninsular,6,3,GSM,False,21.0,osm,10.4,2.4,10.97,3.232,0.617,8016.0,21.08,1.817,14568.0,49678.0,3.41,7453,2,13319.0,35,12,11596.0,1723.0,strong,0.4244,3.41,353.5,60.7,pvout:+0.39|dist_road:+0.21|population:+0.10|slope:-0.02
MY-00756,2.31592,101.94751,Perak,Peninsular,1,1,GSM,False,7.36,osm,6.34,1.6,6.56,3.79,0.644,8378.0,22.03,1.469,12309.0,46595.0,3.79,1655,0,5655.0,27,12,11327.0,-5672.0,strong,0.4729,3.79,75.1,55.9,pvout:+0.34|dist_road:+0.25|population:-0.14|slope:+0.08
MY-00757,5.34105,115.34851,Sabah,Sabah,8,2,"LTE,NR",False,2.92,osm,10.61,10.1,12.99,3.775,0.644,8369.0,22.01,1.977,16548.0,51094.0,3.09,216,0,6651.0,25,6,9552.0,-2901.0,strong,0.4308,3.09,9.8,36.6,pvout:+0.28|dist_road:+0.31|population:+0.01|slope:-0.08
MY-00758,2.1004,100.6627,Pahang,Peninsular,8,2,"GSM,LTE",False,4.97,osm,12.48,3.2,13.35,4.246,0.667,8675.0,22.81,2.006,17402.0,51347.0,2.95,1965,0,,0,0,,,unknown,0.4443,2.95,86.1,60.7,pvout:+0.29|dist_road:+0.28|population:-0.16|slope:-0.11
MY-00760,1.28241,112.99982,Sarawak,Sarawak,3,3,LTE,False,19.63,predicted,8.86,7.2,10.28,4.186,0.664,8636.0,22.71,1.763,15226.0,49196.0,3.23,438,1,10144.0,19,8,10175.0,-31.0,thin,0.4617,3.23,19.3,45.8,pvout:+0.32|dist_road:+0.35|population:-0.19|slope:-0.16
MY-00761,5.87347,100.5898,Terengganu,Peninsular,7,1,"GSM,LTE",True,3.69,predicted,0.32,2.6,0.34,3.495,0.63,8187.0,21.53,0.977,8000.0,42241.0,5.28,1136,1,13150.0,18,4,11420.0,1730.0,thin,0.5097,5.28,52.8,50.4,pvout:+0.21|dist_road:+0.12|population:-0.19|slope:-0.06
MY-00762,3.06607,101.92637,Terengganu,Peninsular,7,2,"GSM,LTE",True,3.52,osm,9.19,8.5,10.92,4.159,0.663,8618.0,22.67,1.814,15631.0,49645.0,3.18,3510,1,8266.0,27,7,10833.0,-2567.0,strong,0.4566,3.18,154.9,64.9,pvout:+0.28|dist_road:+0.17|population:-0.02|slope:+0.09
MY-00764,5.92258,117.74798,Sabah,Sabah,8,1,LTE,False,7.17,predicted,35.76,8.1,42.19,3.399,0.625,8124.0,21.37,4.286,34822.0,71530.0,2.05,425,0,7018.0,30,12,8606.0,-1588.0,thin,0.2987,2.05,19.9,42.4,pvout:+0.22|dist_road:+0.29|population:-0.06|slope:+0.04
MY-00765,1.68741,103.52109,Terengganu,Peninsular,3,2,"GSM,UMTS",False,13.4,osm,0.83,0.7,0.84,3.28,0.619,8047.0,21.16,1.017,8181.0,42591.0,5.21,382,0,,0,0,,,unknown,0.4969,5.21,18.1,36.2,pvout:+0.34|dist_road:+0.13|population:+0.13|slope:-0.01
MY-00766,3.25832,104.0565,Pahang,Peninsular,3,3,GSM,False,3.72,predicted,9.37,4.1,10.24,4.211,0.666,8652.0,22.76,1.76,15225.0,49166.0,3.23,3153,0,13052.0,25,7,11173.0,1879.0,thin,0.4628,3.23,138.6,65.2,pvout:+0.20|dist_road:+0.28|population:-0.05|slope:-0.08
MY-00768,4.57452,100.97695,Terengganu,Peninsular,6,1,"GSM,LTE",False,5.02,osm,7.42,1.2,7.61,3.514,0.631,8199.0,21.56,1.552,12726.0,47328.0,3.72,2475,1,14806.0,38,15,11456.0,3350.0,strong,0.4556,3.72,114.8,56.4,pvout:+0.40|dist_road:+0.10|population:-0.13|slope:-0.20
MY-00770,2.46803,101.01585,Terengganu,Peninsular,5,1,LTE,False,5.76,predicted,9.4,4.8,10.41,4.009,0.655,8521.0,22.41,1.773,15107.0,49284.0,3.26,302,1,12662.0,22,9,10223.0,2439.0,thin,0.4547,3.26,13.5,41.0,pvout:+0.40|dist_road:+0.10|population:-0.10|slope:-0.01
MY-00771,1.04014,113.64419,Sarawak,Sarawak,1,1,"GSM,UMTS",False,11.78,predicted,21.08,10.4,25.96,3.875,0.649,8434.0,22.18,3.003,25329.0,60173.0,2.38,652,0,7674.0,24,5,9366.0,-1692.0,thin,0.3686,2.38,29.4,46.4,pvout:+0.32|dist_road:+0.21|population:+0.29|slope:-0.24
MY-00772,4.05777,115.15044,Sarawak,Sarawak,2,3,"GSM,UMTS",False,17.86,predicted,13.65,3.4,14.67,3.434,0.627,8147.0,21.43,2.11,17192.0,52268.0,3.04,1006,0,,0,0,,,unknown,0.41,3.04,46.9,47.9,pvout:+0.27|dist_road:+0.23|population:-0.04|slope:+0.06
MY-00773,4.3602,117.07671,Sabah,Sabah,7,1,"GSM,LTE",False,7.08,predicted,19.81,3.2,21.23,4.466,0.678,8818.0,23.19,2.629,23181.0,56860.0,2.45,1138,1,2870.0,37,8,10294.0,-7424.0,thin,0.4079,2.45,49.1,56.2,pvout:+0.24|dist_road:+0.12|population:-0.16|slope:-0.21
MY-00774,6.0195,100.9227,Kelantan,Peninsular,4,1,LTE,False,13.99,predicted,2.7,3.1,2.89,4.201,0.665,8646.0,22.74,1.179,10190.0,44023.0,4.32,2247,0,2816.0,22,10,11504.0,-8688.0,thin,0.5165,4.32,98.8,62.4,pvout:+0.36|dist_road:+0.13|population:+0.25|slope:-0.21
MY-00775,4.76764,115.28307,Sabah,Sabah,7,2,"GSM,LTE",False,5.98,osm,8.79,3.9,9.56,3.799,0.645,8385.0,22.05,1.706,14302.0,48689.0,3.4,83,0,,0,0,,,unknown,0.4529,3.4,3.8,34.0,pvout:+0.39|dist_road:+0.30|population:-0.14|slope:-0.22
MY-00776,4.17681,113.00763,Sarawak,Sarawak,6,2,GSM,False,9.33,predicted,9.83,1.3,10.1,3.811,0.646,8392.0,22.07,1.749,14680.0,49073.0,3.34,2158,0,,0,0,,,unknown,0.4498,3.34,97.8,59.2,pvout:+0.33|dist_road:+0.07|population:-0.07|slope:+0.03
MY-00777,6.23427,100.34818,Kelantan,Peninsular,8,2,"GSM,UMTS",True,4.56,osm,0.56,1.2,0.57,4.008,0.655,8520.0,22.41,0.995,8480.0,42401.0,5.0,3013,2,18116.0,29,7,11909.0,6207.0,strong,0.5285,5.0,134.5,61.7,pvout:+0.37|dist_road:+0.28|population:+0.24|slope:-0.05
MY-00778,6.85837,116.22315,Sabah,Sabah,2,2,"GSM,LTE",False,17.94,predicted,21.76,7.1,25.18,3.561,0.633,8230.0,21.64,2.941,24206.0,59625.0,2.46,180,0,4873.0,31,8,9142.0,-4269.0,thin,0.363,2.46,8.3,34.1,pvout:+0.32|dist_road:+0.15|population:+0.19|slope:-0.01
MY-00779,5.34828,115.68579,Sabah,Sabah,8,1,"GSM,LTE",False,25.68,osm,24.72,2.4,26.07,3.997,0.655,8513.0,22.39,3.012,25639.0,60249.0,2.35,273,0,,0,0,,,unknown,0.3716,2.35,12.2,39.4,pvout:+0.25|dist_road:+0.35|population:+0.03|slope:-0.03
MY-00780,1.91912,104.23023,Johor,Peninsular,8,3,LTE,False,9.33,predicted,2.9,5.4,3.24,3.501,0.63,8191.0,21.54,1.206,9882.0,44270.0,4.48,2518,0,400.0,25,9,11331.0,-10931.0,thin,0.4866,4.48,116.9,55.5,pvout:+0.23|dist_road:+0.13|population:-0.03|slope:+0.09
MY-00781,5.33989,116.08886,Sabah,Sabah,4,1,LTE,False,8.58,predicted,17.13,8.0,20.2,3.879,0.649,8436.0,22.19,2.547,21490.0,56138.0,2.61,1187,0,8801.0,31,14,10024.0,-1222.0,thin,0.3952,2.61,53.5,53.1,pvout:+0.19|dist_road:+0.25|population:+0.08|slope:+0.06
MY-00782,3.36988,113.4532,Sarawak,Sarawak,2,2,GSM,False,19.85,osm,11.61,7.3,13.49,3.549,0.632,8222.0,21.62,2.017,16583.0,51443.0,3.1,369,0,17514.0,27,9,9953.0,7561.0,strong,0.4203,3.1,17.1,38.7,pvout:+0.32|dist_road:+0.07|population:-0.02|slope:-0.00
MY-00784,4.83634,116.32574,Sabah,Sabah,5,2,"GSM,UMTS",False,14.97,predicted,8.35,3.0,8.91,4.394,0.675,8771.0,23.07,1.655,14512.0,48236.0,3.32,100,0,8271.0,30,8,10025.0,-1754.0,thin,0.4782,3.32,4.3,41.2,pvout:+0.11|dist_road:+0.20|population:-0.04|slope:-0.23
MY-00785,1.9585,101.62983,Johor,Peninsular,1,2,GSM,False,11.55,osm,2.35,4.4,2.58,3.918,0.651,8462.0,22.25,1.154,9765.0,43806.0,4.49,704,0,861.0,23,10,10965.0,-10103.0,strong,0.508,4.49,31.6,47.5,pvout:+0.40|dist_road:+0.33|population:+0.17|slope:-0.18
MY-00786,5.67148,116.84536,Sabah,Sabah,1,2,"GSM,UMTS",False,11.55,predicted,23.47,2.9,24.99,3.962,0.653,8490.0,22.33,2.927,24849.0,59496.0,2.39,76,1,2220.0,21,4,9097.0,-6877.0,thin,0.3753,2.39,3.4,34.3,pvout:+0.40|dist_road:+0.24|population:+0.28|slope:-0.24
MY-00787,1.9997,100.77851,Johor,Peninsular,5,2,GSM,False,6.85,osm,4.81,5.6,5.41,3.297,0.62,8058.0,21.19,1.378,11101.0,45785.0,4.12,814,0,18002.0,36,10,10778.0,7224.0,strong,0.4629,4.12,38.4,41.3,pvout:+0.11|dist_road:+0.25|population:+0.25|slope:-0.19
MY-00788,6.73978,117.36906,Sabah,Sabah,5,1,GSM,False,23.33,predicted,32.2,15.2,43.1,3.721,0.641,8334.0,21.92,4.359,36322.0,72169.0,1.99,2719,0,,0,0,,,unknown,0.3037,1.99,124.1,61.1,pvout:+0.16|dist_road:+0.23|population:+0.30|slope:+0.03
MY-00789,1.30132,113.9855,Sarawak,Sarawak,7,1,LTE,False,24.64,predicted,14.42,6.3,16.43,4.038,0.657,8540.0,22.46,2.249,19209.0,53500.0,2.79,4711,1,,0,0,,,unknown,0.4198,2.79,209.8,64.4,pvout:+0.37|dist_road:+0.25|population:+0.24|slope:-0.07
MY-00792,5.83239,99.86856,Pahang,Peninsular,3,2,"GSM,UMTS",False,3.44,osm,6.89,4.1,7.51,3.962,0.653,8490.0,22.33,1.544,13111.0,47260.0,3.6,1600,1,,0,0,,,unknown,0.4725,3.6,71.7,58.1,pvout:+0.09|dist_road:+0.26|population:+0.10|slope:-0.08
MY-00793,5.32221,100.47732,Terengganu,Peninsular,2,3,"GSM,UMTS",False,9.84,osm,7.18,2.8,7.62,4.01,0.655,8521.0,22.41,1.553,13233.0,47336.0,3.58,3207,1,9241.0,27,12,11423.0,-2182.0,strong,0.4735,3.58,143.1,64.4,pvout:+0.15|dist_road:+0.29|population:+0.21|slope:-0.12
MY-00794,5.66301,102.7684,Perak,Peninsular,2,3,GSM,False,6.6,osm,8.57,4.8,9.5,4.285,0.669,8700.0,22.88,1.701,14799.0,48647.0,3.29,418,0,11914.0,37,8,10387.0,1527.0,strong,0.4704,3.29,18.3,47.1,pvout:+0.37|dist_road:+0.16|population:-0.15|slope:-0.19
MY-00796,6.58272,100.71249,Pahang,Peninsular,8,3,"GSM,UMTS",False,3.72,osm,4.62,4.6,5.1,3.227,0.616,8013.0,21.07,1.353,10841.0,45567.0,4.2,8390,3,3581.0,23,7,11761.0,-8180.0,strong,0.4625,4.2,398.1,56.2,pvout:+0.22|dist_road:+0.07|population:+0.16|slope:+0.03
MY-00798,2.03129,115.38647,Sarawak,Sarawak,8,1,LTE,False,12.96,predicted,2.38,5.8,2.69,3.571,0.634,8236.0,21.66,1.163,9575.0,43882.0,4.58,284,0,,0,0,,,unknown,0.4936,4.58,13.1,35.3,pvout:+0.24|dist_road:+0.32|population:+0.28|slope:-0.09
MY-00799,2.59813,110.53026,Sarawak,Sarawak,4,2,GSM,False,28.95,predicted,11.63,20.0,16.79,4.121,0.661,8594.0,22.6,2.278,19577.0,53755.0,2.75,609,0,,0,0,,,unknown,0.4205,2.75,26.9,47.2,pvout:+0.08|dist_road:+0.12|population:+0.13|slope:-0.11
MY-00800,1.07408,110.77395,Sarawak,Sarawak,6,3,GSM,False,10.15,predicted,26.03,8.3,30.83,3.085,0.609,7920.0,20.83,3.388,26837.0,63582.0,2.37,798,0,,0,0,,,unknown,0.3276,2.37,38.3,46.4,pvout:+0.29|dist_road:+0.25|population:+0.10|slope:-0.19
MY-00802,7.04356,115.20406,Sabah,Sabah,2,2,LTE,False,18.11,predicted,1.89,7.1,2.18,4.328,0.671,8728.0,22.95,1.123,9799.0,43528.0,4.44,649,0,,0,0,,,unknown,0.5274,4.44,28.3,49.2,pvout:+0.15|dist_road:+0.16|population:+0.21|slope:-0.01
MY-00803,2.73769,112.72874,Sarawak,Sarawak,4,3,GSM,False,12.68,predicted,0.3,12.0,0.38,3.902,0.65,8451.0,22.23,0.98,8283.0,42266.0,5.1,1105,0,,0,0,,,unknown,0.5259,5.1,49.7,52.2,pvout:+0.28|dist_road:+0.25|population:+0.05|slope:-0.24
MY-00804,3.08447,103.77223,Kedah,Peninsular,5,1,GSM,False,13.08,osm,9.99,5.0,11.1,4.169,0.663,8625.0,22.68,1.828,15763.0,49768.0,3.16,14206,0,,0,0,,,unknown,0.4558,3.16,626.3,68.8,pvout:+0.12|dist_road:+0.09|population:-0.17|slope:-0.14
MY-00805,6.33296,100.79277,Kelantan,Peninsular,3,1,LTE,False,4.15,osm,4.73,3.6,5.11,3.407,0.625,8130.0,21.38,1.354,11006.0,45574.0,4.14,1761,0,16232.0,31,9,11258.0,4974.0,strong,0.4692,4.14,82.4,51.2,pvout:+0.33|dist_road:+0.08|population:-0.14|slope:-0.21
MY-00806,1.98738,112.39198,Sarawak,Sarawak,4,2,LTE,False,9.26,osm,8.17,6.5,9.36,3.419,0.626,8138.0,21.4,1.69,13755.0,48552.0,3.53,577,1,,0,0,,,unknown,0.4408,3.53,27.0,41.4,pvout:+0.14|dist_road:+0.11|population:-0.19|slope:-0.15
MY-00807,4.39968,99.94257,Perak,Peninsular,4,1,"GSM,LTE",False,9.49,osm,4.18,3.1,4.47,4.331,0.672,8730.0,22.96,1.303,11378.0,45127.0,3.97,9204,3,9063.0,19,4,11959.0,-2896.0,thin,0.5088,3.97,400.9,71.2,pvout:+0.40|dist_road:+0.15|population:-0.09|slope:-0.08
MY-00810,5.59219,103.86363,Pahang,Peninsular,8,2,GSM,False,5.66,osm,3.82,4.1,4.17,3.565,0.633,8232.0,21.65,1.28,10534.0,44918.0,4.26,2566,0,7536.0,29,9,11405.0,-3869.0,strong,0.482,4.26,118.5,56.1,pvout:+0.13|dist_road:+0.22|population:+0.00|slope:+0.06
MY-00811,2.28577,101.16784,Perak,Peninsular,7,3,"GSM,LTE",False,6.54,osm,9.1,1.8,9.46,3.93,0.652,8470.0,22.28,1.698,14382.0,48622.0,3.38,5861,2,12012.0,31,15,11637.0,375.0,strong,0.4581,3.38,263.1,65.8,pvout:+0.37|dist_road:+0.26|population:-0.09|slope:-0.08
MY-00812,5.95439,115.58362,Sabah,Sabah,8,1,LTE,False,19.79,predicted,14.46,4.8,16.02,3.556,0.633,8227.0,21.64,2.217,18237.0,53213.0,2.92,863,0,22572.0,30,7,10339.0,12234.0,thin,0.4066,2.92,39.9,46.5,pvout:+0.16|dist_road:+0.29|population:-0.19|slope:-0.02
MY-00813,2.64292,109.88463,Sarawak,Sarawak,4,1,GSM,False,11.21,osm,26.87,10.4,33.07,4.256,0.668,8681.0,22.83,3.566,30954.0,65150.0,2.1,546,0,13150.0,32,14,8983.0,4168.0,strong,0.3505,2.1,23.9,45.5,pvout:+0.16|dist_road:+0.19|population:-0.04|slope:-0.12
MY-00815,5.58873,117.45366,Sabah,Sabah,3,3,"GSM,LTE",False,5.09,predicted,21.68,5.1,24.14,4.045,0.657,8544.0,22.47,2.859,24427.0,58895.0,2.41,567,0,,0,0,,,unknown,0.3816,2.41,25.2,46.3,pvout:+0.29|dist_road:+0.23|population:-0.08|slope:-0.23
MY-00816,6.08856,116.54921,Sabah,Sabah,7,1,LTE,False,15.36,predicted,20.47,6.3,23.33,3.71,0.64,8326.0,21.9,2.795,23275.0,58334.0,2.51,2065,0,,0,0,,,unknown,0.3754,2.51,94.3,57.6,pvout:+0.35|dist_road:+0.20|population:+0.11|slope:-0.08
MY-00817,4.50559,111.9448,Sarawak,Sarawak,2,1,GSM,False,5.37,predicted,19.61,4.4,21.51,3.14,0.612,7956.0,20.92,2.651,21092.0,57057.0,2.71,175,0,,0,0,,,unknown,0.3667,2.71,8.4,30.6,pvout:+0.27|dist_road:+0.24|population:-0.19|slope:-0.06
MY-00818,2.0084,112.98127,Sarawak,Sarawak,5,3,"GSM,UMTS",True,4.1,predicted,17.13,19.7,24.63,3.395,0.625,8122.0,21.36,2.898,23538.0,59243.0,2.52,471,0,10527.0,26,5,8624.0,1903.0,thin,0.3605,2.52,22.1,39.7,pvout:+0.23|dist_road:+0.08|population:+0.17|slope:-0.17
MY-00819,3.99293,103.34784,Kedah,Peninsular,1,2,GSM,False,11.32,osm,4.3,9.0,5.16,4.366,0.673,8753.0,23.02,1.358,11887.0,45611.0,3.84,1356,0,21205.0,27,10,10697.0,10508.0,strong,0.5047,3.84,58.9,60.8,pvout:+0.07|dist_road:+0.29|population:+0.23|slope:-0.17
MY-00820,3.96709,100.31581,Terengganu,Peninsular,3,3,"GSM,LTE",False,5.48,osm,10.75,8.8,12.85,3.591,0.635,8249.0,21.7,1.966,16222.0,50997.0,3.14,994,1,8789.0,16,7,10238.0,-1449.0,strong,0.4254,3.14,45.8,49.0,pvout:+0.29|dist_road:+0.05|population:+0.16|slope:-0.09
MY-00821,4.56435,112.99411,Sarawak,Sarawak,1,1,GSM,False,9.36,osm,5.84,7.1,6.76,3.789,0.644,8378.0,22.03,1.485,12439.0,46733.0,3.76,771,0,,0,0,,,unknown,0.4715,3.76,35.0,47.4,pvout:+0.33|dist_road:+0.17|population:-0.02|slope:+0.04
MY-00822,6.4486,103.44802,Pahang,Peninsular,1,1,"GSM,UMTS",False,7.49,osm,5.01,1.7,5.2,4.097,0.66,8578.0,22.56,1.361,11676.0,45639.0,3.91,3112,1,6934.0,34,8,11630.0,-4697.0,strong,0.4943,3.91,137.9,64.6,pvout:+0.06|dist_road:+0.11|population:+0.01|slope:-0.04
MY-00823,2.64648,113.41254,Sarawak,Sarawak,2,2,LTE,False,11.06,predicted,14.13,10.6,17.46,4.345,0.672,8739.0,22.98,2.331,20369.0,54222.0,2.66,927,0,,0,0,,,unknown,0.4239,2.66,40.3,53.1,pvout:+0.05|dist_road:+0.22|population:-0.01|slope:-0.03
MY-00824,5.52074,117.44843,Sabah,Sabah,5,1,"GSM,LTE",False,13.68,predicted,17.62,4.4,19.34,3.84,0.647,8411.0,22.12,2.48,20856.0,55538.0,2.66,226,0,6782.0,22,8,9697.0,-2915.0,thin,0.3983,2.66,10.2,36.7,pvout:+0.37|dist_road:+0.18|population:+0.08|slope:-0.09
MY-00826,2.24401,113.77725,Sarawak,Sarawak,3,3,"GSM,LTE",False,25.49,osm,16.83,3.2,18.03,3.921,0.651,8464.0,22.26,2.376,20113.0,54624.0,2.72,782,0,,0,0,,,unknown,0.4075,2.72,35.1,48.1,pvout:+0.09|dist_road:+0.29|population:+0.24|slope:+0.03
MY-00828,5.35539,116.10948,Sabah,Sabah,4,3,"GSM,LTE",False,21.89,osm,0.3,12.3,0.38,3.728,0.641,8338.0,21.93,0.98,8173.0,42268.0,5.17,3783,1,,0,0,,,unknown,0.5188,5.17,172.5,61.4,pvout:+0.38|dist_road:+0.19|population:+0.13|slope:-0.19
MY-00830,2.9603,113.32097,Sarawak,Sarawak,5,3,GSM,False,16.65,osm,4.09,4.6,4.51,3.956,0.653,8486.0,22.32,1.307,11089.0,45158.0,4.07,4405,0,,0,0,,,unknown,0.4942,4.07,197.4,64.1,pvout:+0.39|dist_road:+0.22|population:-0.07|slope:+0.03
MY-00831,2.61275,114.18341,Sarawak,Sarawak,6,2,"GSM,LTE",False,16.14,predicted,1.61,1.4,1.66,4.539,0.682,8866.0,23.32,1.081,9587.0,43163.0,4.5,235,0,8075.0,33,7,10859.0,-2784.0,thin,0.5402,4.5,10.1,40.4,pvout:+0.26|dist_road:+0.33|population:+0.18|slope:+0.06
MY-00832,2.06587,103.90806,Perak,Peninsular,8,2,GSM,False,11.03,predicted,5.41,1.6,5.61,4.032,0.657,8536.0,22.45,1.394,11895.0,45926.0,3.86,3531,2,9648.0,30,11,11658.0,-2010.0,thin,0.4888,3.86,157.3,64.4,pvout:+0.24|dist_road:+0.21|population:+0.18|slope:-0.21
MY-00833,1.95523,113.22361,Sarawak,Sarawak,8,3,"GSM,LTE",False,5.12,osm,18.39,7.0,21.26,4.245,0.667,8674.0,22.81,2.632,22827.0,56883.0,2.49,1437,0,5697.0,29,11,10119.0,-4422.0,strong,0.4011,2.49,63.0,57.2,pvout:+0.07|dist_road:+0.35|population:+0.26|slope:+0.08
MY-00834,2.96099,112.71754,Sarawak,Sarawak,5,3,"GSM,LTE",False,18.53,predicted,18.74,7.8,21.99,3.579,0.634,8241.0,21.67,2.689,22164.0,57395.0,2.59,1284,0,,0,0,,,unknown,0.3776,2.59,59.2,52.1,pvout:+0.07|dist_road:+0.13|population:+0.25|slope:-0.22
MY-00835,1.52239,113.11594,Sarawak,Sarawak,8,3,GSM,False,23.93,predicted,19.1,8.6,22.77,4.058,0.658,8552.0,22.49,2.751,23528.0,57941.0,2.46,422,0,,0,0,,,unknown,0.3882,2.46,18.8,43.3,pvout:+0.21|dist_road:+0.15|population:+0.24|slope:-0.07
MY-00836,2.34291,110.18692,Sarawak,Sarawak,6,1,LTE,False,9.19,predicted,3.39,0.9,3.46,3.683,0.639,8309.0,21.85,1.224,10169.0,44424.0,4.37,2162,1,,0,0,,,unknown,0.4919,4.37,98.9,56.6,pvout:+0.15|dist_road:+0.21|population:-0.14|slope:+0.01
MY-00837,5.60439,115.29934,Sabah,Sabah,3,3,"GSM,LTE",False,11.24,predicted,1.75,4.4,1.92,4.019,0.656,8527.0,22.43,1.102,9397.0,43346.0,4.61,602,1,,0,0,,,unknown,0.5174,4.61,26.8,46.5,pvout:+0.27|dist_road:+0.23|population:+0.02|slope:-0.15
MY-00839,3.21974,111.18431,Sarawak,Sarawak,2,3,LTE,False,8.57,predicted,4.58,6.8,5.26,3.915,0.651,8460.0,22.25,1.366,11558.0,45684.0,3.95,129,0,,0,0,,,unknown,0.487,3.95,5.8,35.6,pvout:+0.07|dist_road:+0.33|population:+0.01|slope:-0.08
MY-00840,2.40468,103.2749,Pahang,Peninsular,4,1,GSM,False,14.98,osm,6.83,0.6,6.92,4.622,0.686,8919.0,23.46,1.497,13356.0,46845.0,3.51,3807,2,10444.0,29,6,11705.0,-1261.0,strong,0.5008,3.51,162.3,72.4,pvout:+0.18|dist_road:+0.35|population:+0.20|slope:-0.22
MY-00841,5.9788,119.0596,Sabah,Sabah,2,2,GSM,False,3.97,predicted,7.82,2.1,8.18,4.328,0.671,8728.0,22.96,1.597,13942.0,47729.0,3.42,463,0,,0,0,,,unknown,0.481,3.42,20.2,49.1,pvout:+0.26|dist_road:+0.20|population:+0.20|slope:+0.10
MY-00842,2.59497,112.65892,Sarawak,Sarawak,7,3,GSM,False,4.41,osm,14.72,9.8,17.92,4.253,0.668,8680.0,22.83,2.368,20550.0,54547.0,2.65,957,0,,0,0,,,unknown,0.4185,2.65,41.9,53.2,pvout:+0.31|dist_road:+0.31|population:+0.05|slope:-0.12
MY-00843,1.93707,103.63843,Terengganu,Peninsular,8,3,"GSM,LTE",False,14.28,osm,3.1,1.8,3.23,4.129,0.661,8599.0,22.62,1.205,10362.0,44258.0,4.27,2527,1,,0,0,,,unknown,0.511,4.27,111.7,63.0,pvout:+0.28|dist_road:+0.27|population:-0.09|slope:-0.07
MY-00844,5.90395,103.29689,Kedah,Peninsular,7,1,GSM,False,7.37,predicted,6.68,7.0,7.72,4.429,0.676,8794.0,23.13,1.561,13726.0,47406.0,3.45,2394,0,9008.0,18,6,10960.0,-1952.0,thin,0.4879,3.45,103.5,67.8,pvout:+0.09|dist_road:+0.11|population:+0.24|slope:-0.20
MY-00845,5.70334,115.64406,Sabah,Sabah,1,2,LTE,False,25.84,osm,15.23,8.8,18.21,3.469,0.628,8170.0,21.49,2.39,19527.0,54747.0,2.8,574,0,6077.0,28,5,9785.0,-3707.0,strong,0.3925,2.8,26.7,42.2,pvout:+0.33|dist_road:+0.16|population:+0.13|slope:+0.07
MY-00847,4.27804,114.66333,Sarawak,Sarawak,3,3,"GSM,LTE",False,11.88,predicted,4.55,10.9,5.65,3.603,0.635,8257.0,21.72,1.397,11533.0,45955.0,3.98,493,0,14587.0,25,11,10126.0,4460.0,thin,0.4725,3.98,22.7,40.4,pvout:+0.32|dist_road:+0.30|population:-0.07|slope:-0.12
MY-00849,5.60529,115.72012,Sabah,Sabah,5,3,"GSM,UMTS",False,12.0,predicted,3.09,9.4,3.73,4.068,0.658,8559.0,22.51,1.245,10658.0,44612.0,4.19,1063,1,11360.0,30,10,10631.0,729.0,thin,0.5046,4.19,47.2,53.2,pvout:+0.31|dist_road:+0.28|population:+0.20|slope:+0.01
MY-00850,3.52508,100.84402,Perak,Peninsular,1,3,"GSM,LTE",False,9.42,osm,6.28,1.6,6.5,4.27,0.668,8690.0,22.86,1.464,12726.0,46552.0,3.66,889,0,7484.0,21,5,11093.0,-3609.0,strong,0.491,3.66,38.9,54.7,pvout:+0.13|dist_road:+0.14|population:+0.27|slope:-0.06
MY-00851,3.6439,102.1138,Perak,Peninsular,5,1,"GSM,LTE",False,7.79,osm,12.88,5.7,14.5,3.554,0.633,8225.0,21.63,2.097,17247.0,52151.0,3.02,531,1,10580.0,28,10,10167.0,413.0,strong,0.4148,3.02,24.5,42.4,pvout:+0.31|dist_road:+0.23|population:+0.26|slope:+0.05
MY-00852,6.78064,115.80084,Sabah,Sabah,5,1,LTE,False,13.26,predicted,26.15,1.3,26.9,3.746,0.642,8350.0,21.96,3.078,25698.0,60831.0,2.37,216,0,,0,0,,,unknown,0.361,2.37,9.8,36.2,pvout:+0.14|dist_road:+0.32|population:-0.05|slope:-0.10
MY-00853,6.5352,119.22323,Sabah,Sabah,5,1,"GSM,LTE",False,10.6,predicted,20.47,2.1,21.42,3.929,0.651,8469.0,22.27,2.644,22396.0,56997.0,2.55,798,0,,0,0,,,unknown,0.3908,2.55,35.8,48.9,pvout:+0.35|dist_road:+0.15|population:-0.05|slope:-0.02
MY-00855,1.95256,113.5385,Sarawak,Sarawak,7,3,"GSM,LTE",False,4.74,osm,3.45,3.5,3.71,4.156,0.663,8617.0,22.66,1.244,10716.0,44599.0,4.16,71,0,5985.0,28,8,10125.0,-4140.0,strong,0.5081,4.16,3.1,36.8,pvout:+0.40|dist_road:+0.09|population:+0.15|slope:-0.07
MY-00856,4.87606,110.12437,Sarawak,Sarawak,3,2,"GSM,LTE",False,16.09,osm,2.1,7.2,2.44,4.9,0.7,9100.0,23.93,1.143,10398.0,43705.0,4.2,410,0,11030.0,30,12,10523.0,507.0,strong,0.5476,4.2,17.1,46.7,pvout:+0.19|dist_road:+0.27|population:+0.08|slope:+0.03
MY-00858,6.2192,102.49669,Kedah,Peninsular,7,1,"GSM,LTE",False,6.58,predicted,2.63,4.7,2.91,3.679,0.639,8307.0,21.85,1.18,9802.0,44036.0,4.49,1272,1,17551.0,33,13,11145.0,6407.0,thin,0.4961,4.49,58.2,51.3,pvout:+0.31|dist_road:+0.35|population:+0.21|slope:-0.23
MY-00859,4.11736,113.03519,Sarawak,Sarawak,7,2,GSM,False,25.52,predicted,7.71,12.4,9.84,3.511,0.631,8197.0,21.56,1.728,14166.0,48887.0,3.45,510,0,16729.0,27,8,9826.0,6903.0,thin,0.441,3.45,23.7,41.3,pvout:+0.32|dist_road:+0.24|population:-0.16|slope:-0.04
MY-00860,4.86713,110.88608,Sarawak,Sarawak,6,3,"GSM,LTE",False,21.4,predicted,12.51,1.1,12.83,3.802,0.645,8387.0,22.06,1.964,16475.0,50979.0,3.09,1707,1,12523.0,33,12,11038.0,1485.0,thin,0.4327,3.09,77.4,56.5,pvout:+0.31|dist_road:+0.11|population:+0.02|slope:-0.06
MY-00862,6.72196,117.70219,Sabah,Sabah,4,1,"LTE,NR",False,7.24,predicted,2.96,4.8,3.28,4.04,0.657,8541.0,22.46,1.209,10328.0,44294.0,4.29,1671,2,,0,0,,,unknown,0.5071,4.29,74.4,58.1,pvout:+0.19|dist_road:+0.31|population:-0.12|slope:+0.02
MY-00863,1.48263,114.39916,Sarawak,Sarawak,7,2,GSM,False,13.95,predicted,13.55,17.4,18.79,4.036,0.657,8538.0,22.46,2.436,20798.0,55151.0,2.65,37,1,,0,0,,,unknown,0.4072,2.65,1.6,34.5,pvout:+0.32|dist_road:+0.18|population:+0.07|slope:-0.20
MY-00866,4.52187,115.5626,Sabah,Sabah,5,2,GSM,False,13.7,predicted,6.97,8.9,8.34,3.679,0.639,8307.0,21.85,1.61,13372.0,47840.0,3.58,7054,2,,0,0,,,unknown,0.4567,3.58,322.9,63.3,pvout:+0.12|dist_road:+0.21|population:-0.09|slope:+0.03
MY-00867,5.98112,119.19545,Sabah,Sabah,2,2,"GSM,UMTS",False,10.93,osm,18.7,8.5,22.23,3.864,0.648,8427.0,22.16,2.708,22819.0,57560.0,2.52,275,0,,0,0,,,unknown,0.385,2.52,12.4,38.3,pvout:+0.27|dist_road:+0.07|population:-0.02|slope:+0.05
MY-00868,3.43576,103.47708,Johor,Peninsular,3,3,"GSM,LTE",False,16.4,osm,4.3,1.1,4.41,4.092,0.66,8575.0,22.55,1.299,11135.0,45085.0,4.05,342,2,,0,0,,,unknown,0.5002,4.05,15.2,42.8,pvout:+0.15|dist_road:+0.27|population:-0.15|slope:+0.08
MY-00870,3.05849,113.04205,Sarawak,Sarawak,5,1,GSM,False,19.18,predicted,19.37,10.0,23.68,4.283,0.669,8699.0,22.88,2.822,24553.0,58573.0,2.39,456,0,13617.0,34,13,9362.0,4255.0,thin,0.3906,2.39,19.9,45.4,pvout:+0.21|dist_road:+0.20|population:+0.08|slope:-0.12
MY-00871,3.74544,100.88428,Perak,Peninsular,8,2,GSM,False,5.87,osm,4.57,3.7,4.95,4.029,0.656,8534.0,22.44,1.342,11450.0,45467.0,3.97,3841,0,9068.0,26,12,11549.0,-2481.0,strong,0.4936,3.97,171.1,64.4,pvout:+0.30|dist_road:+0.05|population:-0.12|slope:-0.18
MY-00872,4.97006,116.03645,Sabah,Sabah,4,2,"GSM,UMTS",True,3.8,predicted,11.5,4.5,12.64,4.215,0.666,8655.0,22.76,1.949,16871.0,50845.0,3.01,1763,1,,0,0,,,unknown,0.4477,3.01,77.5,59.4,pvout:+0.27|dist_road:+0.32|population:-0.17|slope:+0.05
MY-00873,4.35326,103.23531,Kedah,Peninsular,7,3,LTE,False,8.05,predicted,6.41,4.0,6.98,3.7,0.64,8320.0,21.88,1.502,12499.0,46887.0,3.75,1831,0,15333.0,30,13,11142.0,4191.0,thin,0.4667,3.75,83.7,55.8,pvout:+0.34|dist_road:+0.07|population:-0.13|slope:-0.13
MY-00874,1.59691,113.0299,Sarawak,Sarawak,5,3,"GSM,UMTS",False,18.59,osm,20.01,6.9,23.1,4.175,0.664,8629.0,22.69,2.777,23960.0,58168.0,2.43,473,0,16075.0,32,13,9617.0,6459.0,strong,0.3902,2.43,20.8,45.2,pvout:+0.09|dist_road:+0.28|population:+0.05|slope:-0.11
MY-00875,6.51319,117.75459,Sabah,Sabah,8,1,LTE,False,4.3,predicted,12.68,2.6,13.41,4.171,0.664,8626.0,22.69,2.011,17345.0,51388.0,2.96,1015,0,,0,0,,,unknown,0.4415,2.96,44.7,52.6,pvout:+0.30|dist_road:+0.14|population:+0.24|slope:-0.02
MY-00876,3.80145,102.95426,Perak,Peninsular,3,2,"GSM,LTE",True,3.17,osm,5.24,5.3,5.85,4.354,0.673,8745.0,23.0,1.413,12357.0,46098.0,3.73,1546,0,,0,0,,,unknown,0.4989,3.73,67.2,62.0,pvout:+0.17|dist_road:+0.21|population:-0.07|slope:+0.09
MY-00877,4.82552,102.21083,Perak,Peninsular,4,3,"GSM,LTE",False,6.67,osm,2.65,4.6,2.92,3.399,0.625,8125.0,21.37,1.181,9598.0,44047.0,4.59,1422,2,1463.0,22,4,11201.0,-9739.0,thin,0.4851,4.59,66.5,49.2,pvout:+0.20|dist_road:+0.32|population:+0.29|slope:-0.06
MY-00878,4.25473,111.56383,Sarawak,Sarawak,1,3,LTE,False,9.73,predicted,6.25,5.7,7.05,3.628,0.636,8273.0,21.76,1.508,12473.0,46936.0,3.76,1697,0,17706.0,32,8,10966.0,6740.0,thin,0.4636,3.76,78.0,54.1,pvout:+0.31|dist_road:+0.22|population:-0.15|slope:+0.08
MY-00879,3.29506,112.18825,Sarawak,Sarawak,2,3,GSM,False,16.86,predicted,20.92,10.0,25.57,4.147,0.662,8611.0,22.65,2.972,25594.0,59901.0,2.34,2121,0,9730.0,25,12,9860.0,-130.0,thin,0.3781,2.34,93.7,60.9,pvout:+0.21|dist_road:+0.32|population:+0.13|slope:-0.21
MY-00881,1.98014,114.61183,Sarawak,Sarawak,2,1,"GSM,LTE",False,9.26,predicted,18.1,2.3,19.04,4.048,0.657,8546.0,22.48,2.456,20988.0,55329.0,2.64,508,0,,0,0,,,unknown,0.4062,2.64,22.6,45.0,pvout:+0.20|dist_road:+0.11|population:-0.12|slope:+0.00
MY-00882,4.81187,116.92234,Sabah,Sabah,3,1,"GSM,UMTS",True,3.09,predicted,16.53,4.6,18.23,4.218,0.666,8657.0,22.77,2.391,20701.0,54758.0,2.65,70,0,,0,0,,,unknown,0.4158,2.65,3.1,36.3,pvout:+0.06|dist_road:+0.34|population:+0.02|slope:-0.08
MY-00883,4.71136,113.79526,Sarawak,Sarawak,7,3,LTE,False,6.46,predicted,14.42,4.8,15.95,3.727,0.641,8338.0,21.93,2.212,18441.0,53168.0,2.88,518,1,,0,0,,,unknown,0.4124,2.88,23.6,42.9,pvout:+0.15|dist_road:+0.08|population:+0.09|slope:-0.13
MY-00884,3.06772,103.51711,Terengganu,Peninsular,4,2,"GSM,UMTS",False,15.31,osm,7.09,4.9,7.87,3.771,0.644,8366.0,22.0,1.572,13152.0,47506.0,3.61,936,0,8548.0,29,14,10767.0,-2219.0,strong,0.4632,3.61,42.5,49.4,pvout:+0.27|dist_road:+0.22|population:-0.09|slope:-0.09
MY-00885,3.1978,104.31101,Pahang,Peninsular,7,3,"LTE,NR",False,3.51,predicted,7.81,1.7,8.1,3.578,0.634,8241.0,21.67,1.591,13109.0,47671.0,3.64,1755,0,14966.0,27,5,11256.0,3710.0,thin,0.4546,3.64,81.0,54.3,pvout:+0.16|dist_road:+0.12|population:+0.18|slope:-0.25
MY-00886,3.36868,103.16481,Kelantan,Peninsular,7,1,LTE,False,4.02,osm,7.73,4.7,8.55,3.744,0.642,8348.0,21.96,1.626,13574.0,47983.0,3.53,1021,0,10961.0,19,7,10782.0,180.0,strong,0.4576,3.53,46.5,50.3,pvout:+0.14|dist_road:+0.21|population:+0.04|slope:+0.08
MY-00888,2.26353,104.42409,Kelantan,Peninsular,5,3,"GSM,UMTS",False,8.18,osm,9.16,1.1,9.37,3.695,0.64,8317.0,21.87,1.691,14067.0,48562.0,3.45,706,0,11891.0,30,6,10895.0,996.0,strong,0.4504,3.45,32.3,46.0,pvout:+0.35|dist_road:+0.28|population:+0.06|slope:-0.10
MY-00889,1.37226,112.61457,Sarawak,Sarawak,7,1,LTE,True,3.9,predicted,16.06,6.0,18.2,3.679,0.639,8306.0,21.85,2.389,19844.0,54737.0,2.76,167,0,4679.0,33,8,9524.0,-4845.0,thin,0.3991,2.76,7.6,34.0,pvout:+0.06|dist_road:+0.30|population:+0.02|slope:-0.14
MY-00890,5.16019,101.38984,Kelantan,Peninsular,4,1,GSM,False,12.52,osm,6.9,1.8,7.18,3.819,0.646,8397.0,22.08,1.518,12746.0,47026.0,3.69,6786,1,12100.0,20,8,11807.0,294.0,strong,0.4696,3.69,307.3,64.5,pvout:+0.26|dist_road:+0.28|population:+0.06|slope:-0.20
MY-00891,6.28277,116.7742,Sabah,Sabah,6,1,"GSM,LTE",False,10.0,osm,16.54,6.5,18.91,3.815,0.646,8395.0,22.08,2.446,20530.0,55237.0,2.69,228,0,,0,0,,,unknown,0.3997,2.69,10.3,36.4,pvout:+0.37|dist_road:+0.08|population:+0.28|slope:-0.10
MY-00892,3.4233,102.76347,Perak,Peninsular,7,1,GSM,False,16.24,osm,5.74,3.8,6.23,4.462,0.678,8815.0,23.18,1.442,12716.0,46359.0,3.65,1998,1,13817.0,29,12,11229.0,2588.0,strong,0.5001,3.65,86.2,66.2,pvout:+0.38|dist_road:+0.32|population:+0.00|slope:+0.03
MY-00894,3.21184,111.73575,Sarawak,Sarawak,1,1,"GSM,LTE",False,10.75,predicted,20.31,4.1,22.14,4.003,0.655,8517.0,22.4,2.701,23008.0,57501.0,2.5,1501,0,,0,0,,,unknown,0.3896,2.5,67.0,56.2,pvout:+0.08|dist_road:+0.07|population:-0.02|slope:-0.04
MY-00895,4.86742,119.0181,Sabah,Sabah,2,1,"GSM,LTE",False,15.49,predicted,39.61,6.0,44.89,3.727,0.641,8338.0,21.93,4.5,37521.0,73423.0,1.96,1332,0,,0,0,,,unknown,0.2986,1.96,60.7,54.6,pvout:+0.05|dist_road:+0.20|population:+0.29|slope:+0.05
MY-00896,4.3259,104.43582,Johor,Peninsular,6,2,"GSM,LTE",False,15.71,osm,3.88,5.0,4.31,3.723,0.641,8335.0,21.92,1.291,10758.0,45015.0,4.18,2705,0,15586.0,38,9,11339.0,4247.0,strong,0.487,4.18,123.4,58.4,pvout:+0.13|dist_road:+0.21|population:-0.11|slope:-0.16
MY-00897,5.32881,100.15028,Terengganu,Peninsular,4,1,"GSM,LTE",False,4.43,osm,5.21,4.6,5.75,3.389,0.624,8118.0,21.35,1.404,11400.0,46022.0,4.04,4121,0,13113.0,26,11,11463.0,1650.0,strong,0.4639,4.04,193.0,56.6,pvout:+0.37|dist_road:+0.35|population:-0.08|slope:-0.18
MY-00899,3.85627,109.8922,Sarawak,Sarawak,7,3,"GSM,UMTS",False,21.4,predicted,9.61,5.0,10.67,3.538,0.632,8215.0,21.6,1.794,14738.0,49471.0,3.36,920,0,14582.0,37,7,10616.0,3966.0,thin,0.4367,3.36,42.6,47.8,pvout:+0.18|dist_road:+0.18|population:-0.16|slope:-0.20
